<?xml version = '1.0' encoding = 'UTF-8'?>
<page xmlns:jrad="http://xmlns.oracle.com/jrad" xmlns:oa="http://xmlns.oracle.com/oa" xmlns:ui="http://xmlns.oracle.com/uix/ui" version="10.1.3_1312" xml:lang="en-US" xmlns:user="http://xmlns.oracle.com/jrad/user" xmlns="http://xmlns.oracle.com/jrad" file-version="$Header$">
   <content>
      <oa:pageLayout id="PageLayoutRN" amDefName="xxicon.oracle.apps.ar.unitbill.server.XxiconUnitBillAM" windowTitle="Budget Upload" title="Budget Upload" controllerClass="xxicon.oracle.apps.ar.unitbill.webui.XxiconUnitBudgetUploadCO">
         <ui:corporateBranding>
            <oa:image id="corporateBrandingImage" source="/OA_MEDIA/FNDSSCORP.gif"/>
         </ui:corporateBranding>
         <ui:contents>
            <oa:messageComponentLayout id="MainRN">
               <ui:contents>
                  <oa:messageFileUpload id="BillUnitUploadItem" prompt="Upload Budget"/>
               </ui:contents>
            </oa:messageComponentLayout>
            <oa:pageButtonBar id="ButtonRN">
               <ui:contents>
                  <oa:submitButton id="Save" text="Save" prompt="Save"/>
                  <oa:submitButton id="Cancel" text="Cancel" prompt="Cancel"/>
                  <oa:submitButton id="Search" text="Search" prompt="Search"/>
               </ui:contents>
            </oa:pageButtonBar>
         </ui:contents>
      </oa:pageLayout>
   </content>
</page>
