<?xml version = '1.0' encoding = 'UTF-8'?>
<page xmlns:jrad="http://xmlns.oracle.com/jrad" xmlns:oa="http://xmlns.oracle.com/oa" xmlns:ui="http://xmlns.oracle.com/uix/ui" version="10.1.3_1312" xml:lang="en-US" xmlns:user="http://xmlns.oracle.com/jrad/user" xmlns="http://xmlns.oracle.com/jrad" file-version="$Header$">
   <content>
      <oa:pageLayout id="PagelayoutRN" amDefName="xxicon.oracle.apps.ar.unitbill.server.XxiconUnitBillAM" windowTitle="Budget Search" title="Budget Search" controllerClass="xxicon.oracle.apps.ar.unitbill.webui.XxiconUnitBudgetSearchCO">
         <ui:corporateBranding>
            <oa:image id="corporateBrandingImage" source="/OA_MEDIA/FNDSSCORP.gif"/>
         </ui:corporateBranding>
         <ui:contents>
            <oa:query id="QueryRN" mode="autoCustomizationCriteria">
               <oa:simpleSearchPanel>
                  <oa:header text="Search Unit Budgets" id="region2">
                     <ui:contents>
                        <oa:messageComponentLayout id="SearchMessageRN">
                           <ui:contents>
                              <oa:messageLovInput id="SearchOperatingUnit" prompt="Operating Unit" queryable="true" selectiveSearchCriteria="false" externalListOfValues="/xxicon/oracle/apps/ar/unitbill/lov/webui/XxiconProjectLovRN">
                                 <lovMappings>
                                    <lovMap id="lovMapOperatingUnit" lovItem="LovOperatingUnit" resultTo="SearchOperatingUnit" criteriaFrom="SearchOperatingUnit"/>
                                 </lovMappings>
                              </oa:messageLovInput>
                              <oa:messageLovInput id="SearchProjectNum" prompt="Project Number/Study Number" queryable="true" externalListOfValues="/xxicon/oracle/apps/ar/unitbill/lov/webui/XxiconProjectLovRN">
                                 <lovMappings>
                                    <lovMap id="lovMapProjectNumber" lovItem="LovProjectNum" resultTo="SearchProjectNum" criteriaFrom="SearchProjectNum"/>
                                 </lovMappings>
                              </oa:messageLovInput>
                              <oa:messageLovInput id="SearchProjectManager" prompt="Project Manager" queryable="true" externalListOfValues="/xxicon/oracle/apps/ar/unitbill/lov/webui/XxiconProjectLovRN">
                                 <lovMappings>
                                    <lovMap id="lovMapProjectManager" lovItem="LovProjectManager" resultTo="SearchProjectManager" criteriaFrom="SearchProjectManager"/>
                                 </lovMappings>
                              </oa:messageLovInput>
                              <oa:messageCheckBox id="SearchVersionId" text="Latest Version CheckBox" prompt="Latest Version CheckBox" defaultValue="N" checkedValue="Y" unCheckedValue="N"/>
                           </ui:contents>
                        </oa:messageComponentLayout>
                     </ui:contents>
                  </oa:header>
               </oa:simpleSearchPanel>
               <oa:simpleSearchMappings>
                  <oa:queryCriteriaMap id="MapOperatingUnit" criteriaItem="SearchOperatingUnit" resultsItem="OperatingUnit"/>
                  <oa:queryCriteriaMap id="MapProjectNum" criteriaItem="SearchProjectNum" resultsItem="ProjectNumber"/>
                  <oa:queryCriteriaMap id="MapProjectManager" criteriaItem="SearchProjectManager" resultsItem="ProjectManager"/>
               </oa:simpleSearchMappings>
               <ui:contents>
                  <oa:table id="XxiconBudgetSearchTbl">
                     <ui:contents>
                        <oa:messageStyledText id="UnitProjectId" dataType="NUMBER" prompt="UnitProjectId" viewName="XxiconBudgetSearchVO1" viewAttr="UnitProjectId" rendered="false"/>
                        <oa:messageStyledText id="OperatingUnit" dataType="VARCHAR2" prompt="Operating Unit" viewName="XxiconBudgetSearchVO1" viewAttr="OperatingUnit" maximumLength="240"/>
                        <oa:messageStyledText id="ProjectNumber" dataType="VARCHAR2" prompt="Project Number" viewName="XxiconBudgetSearchVO1" viewAttr="ProjectNumber" maximumLength="30" queryable="true"/>
                        <oa:messageStyledText id="ProjectName" dataType="VARCHAR2" prompt="Project Name" viewName="XxiconBudgetSearchVO1" viewAttr="ProjectName" maximumLength="30"/>
                        <oa:messageStyledText id="ProjectManager" dataType="VARCHAR2" prompt="Project Manager" viewName="XxiconBudgetSearchVO1" viewAttr="ProjectManager" maximumLength="240"/>
                        <oa:messageStyledText id="BudgetStatus" dataType="VARCHAR2" prompt="Budget Status" viewName="XxiconBudgetSearchVO1" viewAttr="BudgetStatus" maximumLength="10"/>
                        <oa:messageStyledText id="ChangeOrderNum" dataType="VARCHAR2" prompt="Change Order Number" viewName="XxiconBudgetSearchVO1" viewAttr="ChangeOrderNum" maximumLength="30"/>
                        <oa:messageStyledText id="ChangeDate" dataType="DATE" prompt="Change Date" viewName="XxiconBudgetSearchVO1" viewAttr="ChangeDate"/>
                        <oa:messageStyledText id="VersionNumber" dataType="NUMBER" prompt="Version Number" viewName="XxiconBudgetSearchVO1" viewAttr="VersionNumber" queryable="true" destination="OA.jsp?page=/xxicon/oracle/apps/ar/unitbill/webui/XxiconUnitBudgetPG&amp;retainAM=Y&amp;SearchProjectNum={@ProjectNumber}&amp;SearchVersionNum={@VersionNumber}"/>
                     </ui:contents>
                  </oa:table>
               </ui:contents>
            </oa:query>
         </ui:contents>
      </oa:pageLayout>
   </content>
</page>
