<?xml version = '1.0' encoding = 'UTF-8'?>
<page xmlns:jrad="http://xmlns.oracle.com/jrad" xmlns:oa="http://xmlns.oracle.com/oa" xmlns:ui="http://xmlns.oracle.com/uix/ui" version="10.1.3_1312" xml:lang="en-US" xmlns:user="http://xmlns.oracle.com/jrad/user" xmlns="http://xmlns.oracle.com/jrad" file-version="$Header$">
   <content>
      <oa:pageLayout id="PageLayout" amDefName="xxicon.oracle.apps.ar.unitbill.server.XxiconUnitBillAM" windowTitle="Budget Details" title="Budget Details" controllerClass="xxicon.oracle.apps.ar.unitbill.webui.XxiconUnitBudgetCO">
         <ui:corporateBranding>
            <oa:image id="corporateBrandingImage" source="/OA_MEDIA/FNDSSCORP.gif"/>
         </ui:corporateBranding>
         <ui:contents>
            <oa:defaultDoubleColumn id="XxiconBudgetHeadersTbl">
               <ui:contents>
                  <oa:messageTextInput id="ProjectNumber" dataType="VARCHAR2" prompt="Project/ Study Number" viewName="XxiconBudgetHeadersVO1" viewAttr="ProjectNumber" maximumLength="30" columns="30" readOnly="true"/>
                  <oa:messageTextInput id="ProjectManager" dataType="VARCHAR2" prompt="Project Manager" viewName="XxiconBudgetHeadersVO1" viewAttr="ProjectManager" maximumLength="240" columns="30" readOnly="true"/>
                  <oa:messageTextInput id="ProjectProtocol" dataType="VARCHAR2" prompt="Project Protocol" viewName="XxiconBudgetHeadersVO1" viewAttr="ProjectProtocol" maximumLength="30" columns="30" readOnly="true"/>
                  <oa:messageTextInput id="FxLanguage" dataType="VARCHAR2" prompt="Fx Language" viewName="XxiconBudgetHeadersVO1" viewAttr="FxLanguage" maximumLength="3" columns="30" readOnly="true"/>
                  <oa:messageTextInput id="Currency" dataType="VARCHAR2" prompt="Currency" viewName="XxiconBudgetHeadersVO1" viewAttr="Currency" maximumLength="3" columns="30" readOnly="true"/>
                  <oa:messageTextInput id="ChangeOrderNum" dataType="VARCHAR2" prompt="Change Order Reference" viewName="XxiconBudgetHeadersVO1" viewAttr="ChangeOrderNum" maximumLength="30" columns="30" readOnly="true"/>
                  <oa:messageTextInput id="ContractTotal" dataType="NUMBER" prompt="Contract Total" viewName="XxiconBudgetHeadersVO1" viewAttr="ContractTotal" columns="30" readOnly="true"/>
                  <oa:messageTextInput id="VersionNumber" dataType="NUMBER" prompt="Oracle Version Number" viewName="XxiconBudgetHeadersVO1" viewAttr="VersionNumber" columns="30" readOnly="true"/>
                  <oa:messageTextInput id="PsTotal" dataType="NUMBER" prompt="PS Total" viewName="XxiconBudgetHeadersVO1" viewAttr="PsTotal" columns="30" readOnly="true"/>
                  <oa:messageTextInput id="DiscountPercentage" dataType="NUMBER" prompt="Discount Percentage" viewName="XxiconBudgetHeadersVO1" viewAttr="DiscountPercentage" columns="15"/>
                  <oa:messageTextInput id="ContractDifference" dataType="NUMBER" prompt="Contract Difference" viewName="XxiconBudgetHeadersVO1" viewAttr="ContractDifference" columns="30" readOnly="true"/>
                  <oa:messageTextInput id="DiscountCapAmount" dataType="NUMBER" prompt="Discount Cap Amount" viewName="XxiconBudgetHeadersVO1" viewAttr="DiscountCapAmount" columns="15"/>
                  <oa:messageTextInput id="OperatingUnit" dataType="VARCHAR2" prompt="Operating Unit" viewName="XxiconBudgetHeadersVO1" viewAttr="OperatingUnit" maximumLength="240" columns="30" readOnly="true"/>
                  <oa:messageTextInput id="DiscountLevel" dataType="VARCHAR2" prompt="Discount Level" viewName="XxiconBudgetHeadersVO1" viewAttr="DiscountLevel" maximumLength="10" columns="15"/>
                  <oa:messageTextInput id="OracleTaskNumber" dataType="VARCHAR2" prompt="Oracle Task Number" viewName="XxiconBudgetHeadersVO1" viewAttr="OracleTaskNumber" maximumLength="30" columns="15"/>
                  <oa:messageTextInput id="BudgetStatus" dataType="VARCHAR2" prompt="Budget Status" viewName="XxiconBudgetHeadersVO1" viewAttr="BudgetStatus" maximumLength="10" columns="30" readOnly="true"/>
                  <oa:messageLovInput id="BillOos" dataType="VARCHAR2" prompt="Bill OOS?" viewName="XxiconBudgetHeadersVO1" viewAttr="BillOos" maximumLength="1" columns="1" externalListOfValues="/xxicon/oracle/apps/ar/unitbill/lov/webui/XxiconUnitYesNoRN">
                     <lovMappings>
                        <lovMap id="lovMap1" lovItem="Result" resultTo="BillOos" criteriaFrom="BillOos"/>
                     </lovMappings>
                  </oa:messageLovInput>
                  <oa:messageTextInput id="PrepaymentApplType" dataType="VARCHAR2" prompt="Prepayment Application Type" viewName="XxiconBudgetHeadersVO1" viewAttr="PrepaymentApplType" maximumLength="240" columns="30" readOnly="true"/>
                  <oa:messageTextInput id="InvoiceSchedule" dataType="VARCHAR2" prompt="Invoice Schedule" viewName="XxiconBudgetHeadersVO1" viewAttr="InvoiceSchedule" maximumLength="30" columns="30" readOnly="true"/>
                  <oa:messageTextInput id="PrepaymentAmount" dataType="NUMBER" prompt="Prepayment Amount" viewName="XxiconBudgetHeadersVO1" viewAttr="PrepaymentAmount" columns="30" readOnly="true"/>
                  <oa:messageTextInput id="PaymentTermsId" dataType="NUMBER" prompt="PaymentTerms" viewName="XxiconBudgetHeadersVO1" viewAttr="PaymentTermsId" columns="30" readOnly="true"/>
               </ui:contents>
            </oa:defaultDoubleColumn>
            <oa:flowLayout id="ButtonRN">
               <ui:contents>
                  <oa:submitButton id="saveBtn1" text="Save" prompt="Save"/>
                  <oa:spacer id="item13" width="10"/>
                  <oa:submitButton id="cancelBtn" text="Cancel" prompt="Cancel"/>
                  <oa:spacer id="item1" width="10"/>
                  <oa:submitButton id="baselineBtn" text="Base Line" prompt="Base Line"/>
                  <oa:spacer id="item12" width="10"/>
                  <oa:submitButton id="inflationBtn" prompt="Inflation Details"/>
                  <oa:spacer id="item11" width="10"/>
                  <oa:submitButton id="backBtn" text="Return to Search" prompt="Return to Search"/>
               </ui:contents>
            </oa:flowLayout>
            <oa:advancedTable id="ParentTaskRN" viewName="XxiconBudgetParentTaskVO1" text="" detailViewAttr="DetailFlag" viewLinkName="XxiconBudgetTaskVL1" width="100%" controllerClass="xxicon.oracle.apps.ar.unitbill.webui.XxiconUnitBudgetParentTaskCO">
               <ui:contents>
                  <oa:column id="colParentTask">
                     <ui:columnHeader>
                        <oa:sortableHeader id="sortableHeaderParentTask" prompt="Parent Task"/>
                     </ui:columnHeader>
                     <ui:contents>
                        <oa:messageStyledText id="itemParentTask" viewAttr="ParentTask" prompt="Parent Task"/>
                     </ui:contents>
                  </oa:column>
               </ui:contents>
               <ui:detail>
                  <oa:flowLayout id="TaskRN">
                     <ui:contents>
                        <oa:advancedTable id="TaskTableRN" viewName="XxiconBudgetLinesVO1" detailViewAttr="DetailFlag" viewLinkName="XxiconBudgetTaskVL1" width="100%">
                           <ui:contents>
                              <oa:column id="colTask">
                                 <ui:columnHeader>
                                    <oa:sortableHeader id="sortTask" prompt="Task"/>
                                 </ui:columnHeader>
                                 <ui:contents>
                                    <oa:messageStyledText id="itemTask" viewName="XxiconBudgetLinesVO1" viewAttr="Task"/>
                                 </ui:contents>
                              </oa:column>
                              <oa:column id="colUnitOfMeasure">
                                 <ui:columnHeader>
                                    <oa:sortableHeader id="sortUnitOfMeasure" prompt="Unit of Measure (UOM)"/>
                                 </ui:columnHeader>
                                 <ui:contents>
                                    <oa:messageStyledText id="itemUnitOfMeasure" viewName="XxiconBudgetLinesVO1" viewAttr="UnitOfMeasure"/>
                                 </ui:contents>
                              </oa:column>
                              <oa:column id="colCabCode">
                                 <ui:columnHeader>
                                    <oa:sortableHeader id="sortCabCode" prompt="Cab Code"/>
                                 </ui:columnHeader>
                                 <ui:contents>
                                    <oa:messageStyledText id="itemCabCode" viewName="XxiconBudgetLinesVO1" viewAttr="CabCode"/>
                                 </ui:contents>
                              </oa:column>
                              <oa:column id="colClientTaskCode">
                                 <ui:columnHeader>
                                    <oa:sortableHeader id="sortClientTaskCode" prompt="Client Task Code" sortState="no" cellNoWrapFormat="true"/>
                                 </ui:columnHeader>
                                 <ui:contents>
                                    <oa:messageStyledText id="itemClientTaskCode" viewName="XxiconBudgetLinesVO1" viewAttr="ClientTaskCode"/>
                                 </ui:contents>
                              </oa:column>
                              <oa:column id="colInvInstruction">
                                 <ui:columnHeader>
                                    <oa:sortableHeader id="sortInvInstruction" prompt="Invoicing Instruction" sortState="no" cellNoWrapFormat="true"/>
                                 </ui:columnHeader>
                                 <ui:contents>
                                    <oa:messageStyledText id="itemInvInstruction" viewName="XxiconBudgetLinesVO1" viewAttr="InvoicingInstruction"/>
                                 </ui:contents>
                              </oa:column>
                              <oa:column id="colUnits" columnDataFormat="numberFormat">
                                 <ui:columnHeader>
                                    <oa:sortableHeader id="sortUnits" prompt="Units"/>
                                 </ui:columnHeader>
                                 <ui:contents>
                                    <oa:messageStyledText id="itemUnits" viewName="XxiconBudgetLinesVO1" viewAttr="Units" dataType="NUMBER"/>
                                 </ui:contents>
                              </oa:column>
                              <oa:column id="colUnitCost" columnDataFormat="numberFormat">
                                 <ui:columnHeader>
                                    <oa:sortableHeader id="sortUnitCost" prompt="Unit Cost"/>
                                 </ui:columnHeader>
                                 <ui:contents>
                                    <oa:messageStyledText id="itemUnitCost" viewName="XxiconBudgetLinesVO1" viewAttr="UnitCost" dataType="NUMBER"/>
                                 </ui:contents>
                              </oa:column>
                              <oa:column id="colTotalBudget" columnDataFormat="numberFormat">
                                 <ui:columnHeader>
                                    <oa:sortableHeader id="sortTotalBudget" prompt="Total Budget"/>
                                 </ui:columnHeader>
                                 <ui:contents>
                                    <oa:messageStyledText id="itemTotalBudget" viewName="XxiconBudgetLinesVO1" viewAttr="TotalBudget" dataType="NUMBER"/>
                                 </ui:contents>
                              </oa:column>
                              <oa:column id="colRetired" columnDataFormat="iconButtonFormat">
                                 <ui:columnHeader>
                                    <oa:sortableHeader id="sortRetired" prompt="Retired"/>
                                 </ui:columnHeader>
                                 <ui:contents>
                                    <oa:messageCheckBox id="itemRetired" viewName="XxiconBudgetLinesVO1" viewAttr="RetireFlag" defaultValue="N" checkedValue="Y" unCheckedValue="N"/>
                                 </ui:contents>
                              </oa:column>
                              <oa:column id="colDiscountPercent">
                                 <ui:columnHeader>
                                    <oa:sortableHeader id="sortDiscountPercent" prompt="Discount %"/>
                                 </ui:columnHeader>
                                 <ui:contents>
                                    <oa:messageTextInput id="itemDiscountPercent" viewName="XxiconBudgetLinesVO1" viewAttr="DiscountPercentage" columns="5"/>
                                 </ui:contents>
                              </oa:column>
                              <oa:columnGroup id="columnGroupInflation">
                                 <ui:columnHeader>
                                    <oa:sortableHeader id="sortableHeaderInflation" prompt="Inflation"/>
                                 </ui:columnHeader>
                                 <ui:contents>
                                    <oa:column id="colInflationAppl" columnDataFormat="iconButtonFormat">
                                       <ui:columnHeader>
                                          <oa:sortableHeader id="sortInflationAppl" prompt="Applicable"/>
                                       </ui:columnHeader>
                                       <ui:contents>
                                          <oa:messageCheckBox id="itemInflationAppl" viewName="XxiconBudgetLinesVO1" viewAttr="InflationFlag"/>
                                       </ui:contents>
                                    </oa:column>
                                    <oa:column id="colInflationCategory">
                                       <ui:columnHeader>
                                          <oa:sortableHeader id="sortInflationCategory" prompt="Category"/>
                                       </ui:columnHeader>
                                       <ui:contents>
                                          <oa:messageStyledText id="itemInflationCategory" viewName="XxiconBudgetLinesVO1" viewAttr="InflationCategory"/>
                                       </ui:contents>
                                    </oa:column>
                                 </ui:contents>
                              </oa:columnGroup>
                              <oa:columnGroup id="columnGroupChange">
                                 <ui:columnHeader>
                                    <oa:sortableHeader id="sortableHeaderChange" prompt="Change"/>
                                 </ui:columnHeader>
                                 <ui:contents>
                                    <oa:column id="colChangeType">
                                       <ui:columnHeader>
                                          <oa:sortableHeader id="sortChangeType" prompt="Type"/>
                                       </ui:columnHeader>
                                       <ui:contents>
                                          <oa:messageStyledText id="itemChangeType" viewName="XxiconBudgetLinesVO1" viewAttr="ChangeType"/>
                                       </ui:contents>
                                    </oa:column>
                                    <oa:column id="colChangeReason">
                                       <ui:columnHeader>
                                          <oa:sortableHeader id="sortChangeReason" prompt="Reason"/>
                                       </ui:columnHeader>
                                       <ui:contents>
                                          <oa:messageStyledText id="itemChangeReason" viewName="XxiconBudgetLinesVO1" viewAttr="ChangeReason"/>
                                       </ui:contents>
                                    </oa:column>
                                 </ui:contents>
                              </oa:columnGroup>
                           </ui:contents>
                        </oa:advancedTable>
                     </ui:contents>
                  </oa:flowLayout>
               </ui:detail>
               <ui:tableActions>
                  <oa:flowLayout id="region1">
                     <ui:contents>
                        <oa:messageCheckBox id="itemExpandCollapse" text="Expand / Collapse" prompt="Expand / Collapse" defaultValue="N" checkedValue="Y" unCheckedValue="N">
                           <ui:primaryClientAction>
                              <ui:firePartialAction event="eventExpandCollapse"/>
                           </ui:primaryClientAction>
                        </oa:messageCheckBox>
                     </ui:contents>
                  </oa:flowLayout>
               </ui:tableActions>
            </oa:advancedTable>
         </ui:contents>
      </oa:pageLayout>
   </content>
</page>
