<?xml version = '1.0' encoding = 'UTF-8'?>
<page xmlns:jrad="http://xmlns.oracle.com/jrad" xmlns:oa="http://xmlns.oracle.com/oa" xmlns:ui="http://xmlns.oracle.com/uix/ui" version="10.1.3_1312" xml:lang="en-US" xmlns:user="http://xmlns.oracle.com/jrad/user" xmlns="http://xmlns.oracle.com/jrad" file-version="$Header$">
   <content>
      <oa:pageLayout id="PagelayoutRN" amDefName="xxicon.oracle.apps.ar.unitbill.server.XxiconUnitBillAM" windowTitle="Budget Search" title="Budget Search" controllerClass="xxicon.oracle.apps.ar.unitbill.webui.XxiconUnitBudgetSearchCO">
         <ui:corporateBranding>
            <oa:image id="corporateBrandingImage" source="/OA_MEDIA/FNDSSCORP.gif"/>
         </ui:corporateBranding>
         <ui:contents>
            <oa:defaultSingleColumn id="SearchRN">
               <ui:contents>
                  <oa:messageLovInput id="SearchOperatingUnit" prompt="Operating Unit" queryable="true" selectiveSearchCriteria="false" externalListOfValues="/xxicon/oracle/apps/ar/unitbill/lov/webui/XxiconOperatingUnitLovRN">
                     <lovMappings>
                        <lovMap id="lovMapOperatingUnit" lovItem="LovOperatingUnit" resultTo="SearchOperatingUnit" criteriaFrom="SearchOperatingUnit"/>
                        <lovMap id="lovMap1" resultTo="OperatingUnitFV" lovItem="LovOperatingUnitFV"/>
                     </lovMappings>
                  </oa:messageLovInput>
                  <oa:messageLovInput id="SearchProjectNum" prompt="Project Number/Study Number" queryable="true" externalListOfValues="/xxicon/oracle/apps/ar/unitbill/lov/webui/XxiconProjectLovRN">
                     <lovMappings>
                        <lovMap id="lovMapProjectNumber" lovItem="LovProjectNum" resultTo="SearchProjectNum" criteriaFrom="SearchProjectNum"/>
                        <lovMap id="lovMap2" lovItem="LovOuFV" criteriaFrom="OperatingUnitFV"/>
                        <lovMap id="lovMap23" lovItem="LovProjectNum" resultTo="ProjectNumFV"/>
                        <lovMap id="lovMap24" lovItem="LovProjectManager" resultTo="SearchProjectManager"/>
                     </lovMappings>
                  </oa:messageLovInput>
                  <oa:messageLovInput id="SearchProjectManager" prompt="Project Manager" queryable="true" externalListOfValues="/xxicon/oracle/apps/ar/unitbill/lov/webui/XxiconProjectLovRN">
                     <lovMappings>
                        <lovMap id="lovMapProjectManager" lovItem="LovProjectManager" resultTo="SearchProjectManager" criteriaFrom="SearchProjectManager"/>
                        <lovMap id="lovMap21" lovItem="LovOuFV" criteriaFrom="OperatingUnitFV"/>
                        <lovMap id="lovMap22" lovItem="LovProjectNumFV" criteriaFrom="ProjectNumFV"/>
                        <lovMap id="lovMap25" lovItem="LovProjectNum" resultTo="SearchProjectNum"/>
                     </lovMappings>
                  </oa:messageLovInput>
                  <oa:messageCheckBox id="SearchLatestVersion" text="Latest Version" prompt="Latest Version" defaultValue="N" checkedValue="Y" unCheckedValue="N"/>
                  <oa:formValue id="OperatingUnitFV" prompt="OperatingUnitFormValue"/>
                  <oa:formValue id="ProjectNumFV" prompt="ProjectNumFormValue"/>
                  <oa:formValue id="ProjectManagerFV" prompt="ProjectManagerFormValue"/>
               </ui:contents>
            </oa:defaultSingleColumn>
            <oa:flowLayout id="ButtonRN">
               <ui:contents>
                  <oa:spacer id="item12" width="200"/>
                  <oa:submitButton id="uploadBtn" text="Upload" prompt="Upload"/>
                  <oa:spacer id="item1" width="10"/>
                  <oa:submitButton id="searchBtn" text="Search" prompt="Search"/>
                  <oa:spacer id="item11" width="10"/>
                  <oa:submitButton id="clearBtn" text="Clear" prompt="Clear"/>
               </ui:contents>
            </oa:flowLayout>
            <oa:table id="XxiconBudgetSearchTbl" width="100%">
               <ui:contents>
                  <oa:messageStyledText id="UnitProjectId" dataType="NUMBER" prompt="UnitProjectId" viewName="XxiconBudgetSearchVO1" viewAttr="UnitProjectId" rendered="false"/>
                  <oa:messageStyledText id="OperatingUnit" dataType="VARCHAR2" prompt="Operating Unit" viewName="XxiconBudgetSearchVO1" viewAttr="OperatingUnit" maximumLength="240"/>
                  <oa:messageStyledText id="ProjectNumber" dataType="VARCHAR2" prompt="Project Number" viewName="XxiconBudgetSearchVO1" viewAttr="ProjectNumber" maximumLength="30" queryable="true"/>
                  <oa:messageStyledText id="ProjectName" dataType="VARCHAR2" prompt="Project Name" viewName="XxiconBudgetSearchVO1" viewAttr="ProjectName" maximumLength="30"/>
                  <oa:messageStyledText id="ProjectManager" dataType="VARCHAR2" prompt="Project Manager" viewName="XxiconBudgetSearchVO1" viewAttr="ProjectManager" maximumLength="240"/>
                  <oa:messageStyledText id="BudgetStatus" dataType="VARCHAR2" prompt="Budget Status" viewName="XxiconBudgetSearchVO1" viewAttr="BudgetStatus" maximumLength="10"/>
                  <oa:messageStyledText id="ChangeOrderNum" dataType="VARCHAR2" prompt="Change Order Number" viewName="XxiconBudgetSearchVO1" viewAttr="ChangeOrderNum" maximumLength="30"/>
                  <oa:messageStyledText id="ChangeDate" dataType="DATE" prompt="Change Date" viewName="XxiconBudgetSearchVO1" viewAttr="ChangeDate"/>
                  <oa:messageStyledText id="VersionNumber" dataType="NUMBER" prompt="Version Number" viewName="XxiconBudgetSearchVO1" viewAttr="VersionNumber" queryable="true" destination="OA.jsp?page=/xxicon/oracle/apps/ar/unitbill/webui/XxiconUnitBudgetPG&amp;retainAM=Y&amp;SearchProjectNum={@ProjectNumber}&amp;SearchVersionNum={@VersionNumber}"/>
               </ui:contents>
            </oa:table>
         </ui:contents>
      </oa:pageLayout>
   </content>
</page>
