<?xml version='1.0' encoding='windows-1252' ?>
<!DOCTYPE Association SYSTEM "jbo_03_01.dtd">

<Association
   Name="SysC001110344Assoc" >
   <DesignTime>
      <Attr Name="_isCodegen" Value="true" />
      <Attr Name="_version" Value="10.1.3.41.57" />
   </DesignTime>
   <AssociationEnd
      Name="XxiconBudgetHeadersEO"
      Cardinality="1"
      Source="true"
      Owner="xxicon.oracle.apps.ar.unitbill.schema.server.XxiconBudgetHeadersEO" >
      <AttrArray Name="Attributes">
         <Item Value="xxicon.oracle.apps.ar.unitbill.schema.server.XxiconBudgetHeadersEO.UnitProjectId" />
      </AttrArray>
      <DesignTime>
         <Attr Name="_finderName" Value="XxiconBudgetHeadersEO" />
         <Attr Name="_aggregation" Value="0" />
         <Attr Name="_foreignKey" Value="xxicon.oracle.apps.ar.unitbill.schema.server.XxiconBudgetHeadersEO.SysC001110339" />
         <Attr Name="_minCardinality" Value="1" />
         <Attr Name="_isUpdateable" Value="true" />
      </DesignTime>
   </AssociationEnd>
   <AssociationEnd
      Name="XxiconBudgetLinesEO"
      Cardinality="-1"
      Owner="xxicon.oracle.apps.ar.unitbill.schema.server.XxiconBudgetLinesEO" >
      <AttrArray Name="Attributes">
         <Item Value="xxicon.oracle.apps.ar.unitbill.schema.server.XxiconBudgetLinesEO.UnitProjectId" />
      </AttrArray>
      <DesignTime>
         <Attr Name="_finderName" Value="XxiconBudgetLinesEO" />
         <Attr Name="_aggregation" Value="0" />
         <Attr Name="_foreignKey" Value="xxicon.oracle.apps.ar.unitbill.schema.server.XxiconBudgetLinesEO.SysC001110344" />
         <Attr Name="_isUpdateable" Value="true" />
      </DesignTime>
   </AssociationEnd>
</Association>
