<?xml version='1.0' encoding='windows-1252' ?>
<!DOCTYPE Entity SYSTEM "jbo_03_01.dtd">

<Entity
   Name="XxiconBudgetLinesEO"
   DBObjectType="synonym"
   DBObjectName="XXICON_BUDGET_LINES"
   AliasName="XxiconBudgetLinesEO"
   BindingStyle="OracleName"
   UseGlueCode="false"
   RowClass="xxicon.oracle.apps.ar.unitbill.schema.server.XxiconBudgetLinesEOImpl"
   DefClass="oracle.apps.fnd.framework.server.OAEntityDefImpl"
   CollClass="oracle.apps.fnd.framework.server.OAEntityCache" >
   <DesignTime>
      <Attr Name="_isCodegen" Value="true" />
      <Attr Name="_version" Value="10.1.3.41.57" />
      <AttrArray Name="_publishEvents">
      </AttrArray>
      <Attr Name="_panelSchema" Value="alias" />
      <Attr Name="_codeGenFlag2" Value="Init|Delete|Access" />
   </DesignTime>
   <Attribute
      Name="UnitTaskId"
      IsNotNull="true"
      ColumnName="UNIT_TASK_ID"
      Type="oracle.jbo.domain.Number"
      ColumnType="NUMBER"
      SQLType="NUMERIC"
      TableName="XXICON_BUDGET_LINES"
      PrimaryKey="true" >
      <DesignTime>
         <Attr Name="_DisplaySize" Value="22" />
      </DesignTime>
   </Attribute>
   <Attribute
      Name="UnitProjectId"
      IsNotNull="true"
      ColumnName="UNIT_PROJECT_ID"
      Type="oracle.jbo.domain.Number"
      ColumnType="NUMBER"
      SQLType="NUMERIC"
      TableName="XXICON_BUDGET_LINES" >
      <DesignTime>
         <Attr Name="_DisplaySize" Value="22" />
      </DesignTime>
   </Attribute>
   <Attribute
      Name="ParentTask"
      Precision="240"
      ColumnName="PARENT_TASK"
      Type="java.lang.String"
      ColumnType="VARCHAR2"
      SQLType="VARCHAR"
      TableName="XXICON_BUDGET_LINES" >
      <DesignTime>
         <Attr Name="_DisplaySize" Value="240" />
      </DesignTime>
   </Attribute>
   <Attribute
      Name="Task"
      IsNotNull="true"
      Precision="240"
      ColumnName="TASK"
      Type="java.lang.String"
      ColumnType="VARCHAR2"
      SQLType="VARCHAR"
      TableName="XXICON_BUDGET_LINES" >
      <DesignTime>
         <Attr Name="_DisplaySize" Value="240" />
      </DesignTime>
   </Attribute>
   <Attribute
      Name="Category"
      Precision="30"
      ColumnName="CATEGORY"
      Type="java.lang.String"
      ColumnType="VARCHAR2"
      SQLType="VARCHAR"
      TableName="XXICON_BUDGET_LINES" >
      <DesignTime>
         <Attr Name="_DisplaySize" Value="30" />
      </DesignTime>
   </Attribute>
   <Attribute
      Name="UnitOfMeasure"
      Precision="240"
      ColumnName="UNIT_OF_MEASURE"
      Type="java.lang.String"
      ColumnType="VARCHAR2"
      SQLType="VARCHAR"
      TableName="XXICON_BUDGET_LINES" >
      <DesignTime>
         <Attr Name="_DisplaySize" Value="240" />
      </DesignTime>
   </Attribute>
   <Attribute
      Name="CabCode"
      Precision="240"
      ColumnName="CAB_CODE"
      Type="java.lang.String"
      ColumnType="VARCHAR2"
      SQLType="VARCHAR"
      TableName="XXICON_BUDGET_LINES" >
      <DesignTime>
         <Attr Name="_DisplaySize" Value="240" />
      </DesignTime>
   </Attribute>
   <Attribute
      Name="ClientTaskCode"
      Precision="240"
      ColumnName="CLIENT_TASK_CODE"
      Type="java.lang.String"
      ColumnType="VARCHAR2"
      SQLType="VARCHAR"
      TableName="XXICON_BUDGET_LINES" >
      <DesignTime>
         <Attr Name="_DisplaySize" Value="240" />
      </DesignTime>
   </Attribute>
   <Attribute
      Name="InvoicingInstruction"
      Precision="2000"
      ColumnName="INVOICING_INSTRUCTION"
      Type="java.lang.String"
      ColumnType="VARCHAR2"
      SQLType="VARCHAR"
      TableName="XXICON_BUDGET_LINES" >
      <DesignTime>
         <Attr Name="_DisplaySize" Value="2000" />
      </DesignTime>
   </Attribute>
   <Attribute
      Name="Units"
      ColumnName="UNITS"
      Type="oracle.jbo.domain.Number"
      ColumnType="NUMBER"
      SQLType="NUMERIC"
      TableName="XXICON_BUDGET_LINES" >
      <DesignTime>
         <Attr Name="_DisplaySize" Value="22" />
      </DesignTime>
   </Attribute>
   <Attribute
      Name="UnitCost"
      ColumnName="UNIT_COST"
      Type="oracle.jbo.domain.Number"
      ColumnType="NUMBER"
      SQLType="NUMERIC"
      TableName="XXICON_BUDGET_LINES" >
      <DesignTime>
         <Attr Name="_DisplaySize" Value="22" />
      </DesignTime>
   </Attribute>
   <Attribute
      Name="TotalBudget"
      ColumnName="TOTAL_BUDGET"
      Type="oracle.jbo.domain.Number"
      ColumnType="NUMBER"
      SQLType="NUMERIC"
      TableName="XXICON_BUDGET_LINES" >
      <DesignTime>
         <Attr Name="_DisplaySize" Value="22" />
      </DesignTime>
   </Attribute>
   <Attribute
      Name="AchievedUnits"
      ColumnName="ACHIEVED_UNITS"
      Type="oracle.jbo.domain.Number"
      ColumnType="NUMBER"
      SQLType="NUMERIC"
      TableName="XXICON_BUDGET_LINES" >
      <DesignTime>
         <Attr Name="_DisplaySize" Value="22" />
      </DesignTime>
   </Attribute>
   <Attribute
      Name="RemainingUnits"
      ColumnName="REMAINING_UNITS"
      Type="oracle.jbo.domain.Number"
      ColumnType="NUMBER"
      SQLType="NUMERIC"
      TableName="XXICON_BUDGET_LINES" >
      <DesignTime>
         <Attr Name="_DisplaySize" Value="22" />
      </DesignTime>
   </Attribute>
   <Attribute
      Name="Total"
      ColumnName="TOTAL"
      Type="oracle.jbo.domain.Number"
      ColumnType="NUMBER"
      SQLType="NUMERIC"
      TableName="XXICON_BUDGET_LINES" >
      <DesignTime>
         <Attr Name="_DisplaySize" Value="22" />
      </DesignTime>
   </Attribute>
   <Attribute
      Name="OosUnits"
      ColumnName="OOS_UNITS"
      Type="oracle.jbo.domain.Number"
      ColumnType="NUMBER"
      SQLType="NUMERIC"
      TableName="XXICON_BUDGET_LINES" >
      <DesignTime>
         <Attr Name="_DisplaySize" Value="22" />
      </DesignTime>
   </Attribute>
   <Attribute
      Name="OosTotal"
      ColumnName="OOS_TOTAL"
      Type="oracle.jbo.domain.Number"
      ColumnType="NUMBER"
      SQLType="NUMERIC"
      TableName="XXICON_BUDGET_LINES" >
      <DesignTime>
         <Attr Name="_DisplaySize" Value="22" />
      </DesignTime>
   </Attribute>
   <Attribute
      Name="VersionNumber"
      IsNotNull="true"
      ColumnName="VERSION_NUMBER"
      Type="oracle.jbo.domain.Number"
      ColumnType="NUMBER"
      SQLType="NUMERIC"
      TableName="XXICON_BUDGET_LINES" >
      <DesignTime>
         <Attr Name="_DisplaySize" Value="22" />
      </DesignTime>
   </Attribute>
   <Attribute
      Name="ChangeOrderNum"
      Precision="30"
      ColumnName="CHANGE_ORDER_NUM"
      Type="java.lang.String"
      ColumnType="VARCHAR2"
      SQLType="VARCHAR"
      TableName="XXICON_BUDGET_LINES" >
      <DesignTime>
         <Attr Name="_DisplaySize" Value="30" />
      </DesignTime>
   </Attribute>
   <Attribute
      Name="ChangeOrderDate"
      ColumnName="CHANGE_ORDER_DATE"
      Type="oracle.jbo.domain.Date"
      ColumnType="DATE"
      SQLType="DATE"
      TableName="XXICON_BUDGET_LINES" >
      <DesignTime>
         <Attr Name="_DisplaySize" Value="7" />
      </DesignTime>
   </Attribute>
   <Attribute
      Name="ChangeValue"
      IsPersistent="false"
      ColumnName="&#34;Synchronize:Fix_SQL&#34;"
      Type="oracle.jbo.domain.Number"
      ColumnType="NUMBER"
      SQLType="NUMERIC" >
      <DesignTime>
         <Attr Name="_DisplaySize" Value="22" />
      </DesignTime>
   </Attribute>
   <Attribute
      Name="ChangeReason"
      Precision="2000"
      ColumnName="CHANGE_REASON"
      Type="java.lang.String"
      ColumnType="VARCHAR2"
      SQLType="VARCHAR"
      TableName="XXICON_BUDGET_LINES" >
      <DesignTime>
         <Attr Name="_DisplaySize" Value="2000" />
      </DesignTime>
   </Attribute>
   <Attribute
      Name="RetireFlag"
      Precision="1"
      ColumnName="RETIRE_FLAG"
      Type="java.lang.String"
      ColumnType="VARCHAR2"
      SQLType="VARCHAR"
      TableName="XXICON_BUDGET_LINES" >
      <DesignTime>
         <Attr Name="_DisplaySize" Value="1" />
      </DesignTime>
   </Attribute>
   <Attribute
      Name="InflationCategory"
      Precision="30"
      ColumnName="INFLATION_CATEGORY"
      Type="java.lang.String"
      ColumnType="VARCHAR2"
      SQLType="VARCHAR"
      TableName="XXICON_BUDGET_LINES" >
      <DesignTime>
         <Attr Name="_DisplaySize" Value="30" />
      </DesignTime>
   </Attribute>
   <Attribute
      Name="InflationFlag"
      Precision="1"
      ColumnName="INFLATION_FLAG"
      Type="java.lang.String"
      ColumnType="VARCHAR2"
      SQLType="VARCHAR"
      TableName="XXICON_BUDGET_LINES" >
      <DesignTime>
         <Attr Name="_DisplaySize" Value="1" />
      </DesignTime>
   </Attribute>
   <Attribute
      Name="DiscountPercentage"
      ColumnName="DISCOUNT_PERCENTAGE"
      Type="oracle.jbo.domain.Number"
      ColumnType="NUMBER"
      SQLType="NUMERIC"
      TableName="XXICON_BUDGET_LINES" >
      <DesignTime>
         <Attr Name="_DisplaySize" Value="22" />
      </DesignTime>
   </Attribute>
   <Attribute
      Name="LinkOldTaskId"
      ColumnName="LINK_OLD_TASK_ID"
      Type="oracle.jbo.domain.Number"
      ColumnType="NUMBER"
      SQLType="NUMERIC"
      TableName="XXICON_BUDGET_LINES" >
      <DesignTime>
         <Attr Name="_DisplaySize" Value="22" />
      </DesignTime>
   </Attribute>
   <Attribute
      Name="CreationDate"
      ColumnName="CREATION_DATE"
      Type="oracle.jbo.domain.Date"
      ColumnType="DATE"
      SQLType="DATE"
      TableName="XXICON_BUDGET_LINES" >
      <DesignTime>
         <Attr Name="_DisplaySize" Value="7" />
      </DesignTime>
   </Attribute>
   <Attribute
      Name="CreatedBy"
      ColumnName="CREATED_BY"
      Type="oracle.jbo.domain.Number"
      ColumnType="NUMBER"
      SQLType="NUMERIC"
      TableName="XXICON_BUDGET_LINES" >
      <DesignTime>
         <Attr Name="_DisplaySize" Value="22" />
      </DesignTime>
   </Attribute>
   <Attribute
      Name="LastUpdateDate"
      ColumnName="LAST_UPDATE_DATE"
      Type="oracle.jbo.domain.Date"
      ColumnType="DATE"
      SQLType="DATE"
      TableName="XXICON_BUDGET_LINES" >
      <DesignTime>
         <Attr Name="_DisplaySize" Value="7" />
      </DesignTime>
   </Attribute>
   <Attribute
      Name="LastUpdateLogin"
      ColumnName="LAST_UPDATE_LOGIN"
      Type="oracle.jbo.domain.Number"
      ColumnType="NUMBER"
      SQLType="NUMERIC"
      TableName="XXICON_BUDGET_LINES" >
      <DesignTime>
         <Attr Name="_DisplaySize" Value="22" />
      </DesignTime>
   </Attribute>
   <Attribute
      Name="LastUpdatedBy"
      ColumnName="LAST_UPDATED_BY"
      Type="oracle.jbo.domain.Number"
      ColumnType="NUMBER"
      SQLType="NUMERIC"
      TableName="XXICON_BUDGET_LINES" >
      <DesignTime>
         <Attr Name="_DisplaySize" Value="22" />
      </DesignTime>
   </Attribute>
   <Attribute
      Name="InflationPercent"
      ColumnName="INFLATION_PERCENT"
      Type="oracle.jbo.domain.Number"
      ColumnType="NUMBER"
      SQLType="NUMERIC"
      TableName="XXICON_BUDGET_LINES" >
      <DesignTime>
         <Attr Name="_DisplaySize" Value="22" />
      </DesignTime>
   </Attribute>
   <Attribute
      Name="CalendarYear"
      ColumnName="CALENDAR_YEAR"
      Type="oracle.jbo.domain.Number"
      ColumnType="NUMBER"
      SQLType="NUMERIC"
      TableName="XXICON_BUDGET_LINES" >
      <DesignTime>
         <Attr Name="_DisplaySize" Value="22" />
      </DesignTime>
   </Attribute>
   <Attribute
      Name="EffectiveDateFrom"
      ColumnName="EFFECTIVE_DATE_FROM"
      Type="oracle.jbo.domain.Date"
      ColumnType="DATE"
      SQLType="DATE"
      TableName="XXICON_BUDGET_LINES" >
      <DesignTime>
         <Attr Name="_DisplaySize" Value="7" />
      </DesignTime>
   </Attribute>
   <Attribute
      Name="Source"
      Precision="10"
      ColumnName="SOURCE"
      Type="java.lang.String"
      ColumnType="VARCHAR2"
      SQLType="VARCHAR"
      TableName="XXICON_BUDGET_LINES" >
      <DesignTime>
         <Attr Name="_DisplaySize" Value="10" />
      </DesignTime>
   </Attribute>
   <Attribute
      Name="SourceReference"
      Precision="30"
      ColumnName="SOURCE_REFERENCE"
      Type="java.lang.String"
      ColumnType="VARCHAR2"
      SQLType="VARCHAR"
      TableName="XXICON_BUDGET_LINES" >
      <DesignTime>
         <Attr Name="_DisplaySize" Value="30" />
      </DesignTime>
   </Attribute>
   <Attribute
      Name="EndDate"
      ColumnName="END_DATE"
      Type="oracle.jbo.domain.Date"
      ColumnType="DATE"
      SQLType="DATE"
      TableName="XXICON_BUDGET_LINES" >
      <DesignTime>
         <Attr Name="_DisplaySize" Value="7" />
      </DesignTime>
   </Attribute>
   <Attribute
      Name="ChangeType"
      Precision="240"
      ColumnName="CHANGE_TYPE"
      Type="java.lang.String"
      ColumnType="VARCHAR2"
      SQLType="VARCHAR"
      TableName="XXICON_BUDGET_LINES" >
      <DesignTime>
         <Attr Name="_DisplaySize" Value="240" />
      </DesignTime>
   </Attribute>
   <AccessorAttribute
      Name="XxiconBudgetHeadersEO"
      Association="xxicon.oracle.apps.ar.unitbill.schema.server.SysC001110344Assoc"
      AssociationEnd="xxicon.oracle.apps.ar.unitbill.schema.server.SysC001110344Assoc.XxiconBudgetHeadersEO"
      AssociationOtherEnd="xxicon.oracle.apps.ar.unitbill.schema.server.SysC001110344Assoc.XxiconBudgetLinesEO"
      Type="xxicon.oracle.apps.ar.unitbill.schema.server.XxiconBudgetHeadersEOImpl" >
   </AccessorAttribute>
   <Key
      Name="SysC001110340" >
      <AttrArray Name="Attributes">
         <Item Value="xxicon.oracle.apps.ar.unitbill.schema.server.XxiconBudgetLinesEO.UnitProjectId" />
      </AttrArray>
      <DesignTime>
         <Attr Name="_checkCondition" Value="&#34;UNIT_PROJECT_ID&#34; IS NOT NULL" />
         <Attr Name="_isCheck" Value="true" />
         <Attr Name="_DBObjectName" Value="SYS_C001110340" />
      </DesignTime>
   </Key>
   <Key
      Name="SysC001110341" >
      <AttrArray Name="Attributes">
         <Item Value="xxicon.oracle.apps.ar.unitbill.schema.server.XxiconBudgetLinesEO.Task" />
      </AttrArray>
      <DesignTime>
         <Attr Name="_checkCondition" Value="&#34;TASK&#34; IS NOT NULL" />
         <Attr Name="_isCheck" Value="true" />
         <Attr Name="_DBObjectName" Value="SYS_C001110341" />
      </DesignTime>
   </Key>
   <Key
      Name="SysC001110342" >
      <AttrArray Name="Attributes">
         <Item Value="xxicon.oracle.apps.ar.unitbill.schema.server.XxiconBudgetLinesEO.VersionNumber" />
      </AttrArray>
      <DesignTime>
         <Attr Name="_checkCondition" Value="&#34;VERSION_NUMBER&#34; IS NOT NULL" />
         <Attr Name="_isCheck" Value="true" />
         <Attr Name="_DBObjectName" Value="SYS_C001110342" />
      </DesignTime>
   </Key>
   <Key
      Name="SysC001110343" >
      <AttrArray Name="Attributes">
         <Item Value="xxicon.oracle.apps.ar.unitbill.schema.server.XxiconBudgetLinesEO.UnitTaskId" />
      </AttrArray>
      <DesignTime>
         <Attr Name="_isPrimary" Value="true" />
         <Attr Name="_DBObjectName" Value="SYS_C001110343" />
      </DesignTime>
   </Key>
   <Key
      Name="SysC001110344" >
      <AttrArray Name="Attributes">
         <Item Value="xxicon.oracle.apps.ar.unitbill.schema.server.XxiconBudgetLinesEO.UnitProjectId" />
      </AttrArray>
      <DesignTime>
         <Attr Name="_referencedKey" Value="SYS_C001110339" />
         <Attr Name="_isForeign" Value="true" />
         <Attr Name="_DBObjectName" Value="SYS_C001110344" />
      </DesignTime>
   </Key>
</Entity>
