<?xml version='1.0' encoding='windows-1252' ?>
<!DOCTYPE Entity SYSTEM "jbo_03_01.dtd">

<Entity
   Name="XxiconBudgetUploadTblEO"
   DBObjectType="synonym"
   DBObjectName="XXICON_BUDGET_UPLOAD_TBL"
   AliasName="XxiconBudgetUploadTblEO"
   BindingStyle="OracleName"
   UseGlueCode="false"
   RowClass="xxicon.oracle.apps.ar.unitbill.schema.server.XxiconBudgetUploadTblEOImpl"
   DefClass="oracle.apps.fnd.framework.server.OAEntityDefImpl"
   CollClass="oracle.apps.fnd.framework.server.OAEntityCache" >
   <DesignTime>
      <Attr Name="_isCodegen" Value="true" />
      <Attr Name="_version" Value="10.1.3.41.57" />
      <AttrArray Name="_publishEvents">
      </AttrArray>
      <Attr Name="_panelSchema" Value="alias" />
      <Attr Name="_codeGenFlag2" Value="Init|Delete|Access|DML" />
   </DesignTime>
   <Attribute
      Name="UnitLoadSeqId"
      IsNotNull="true"
      ColumnName="UNIT_LOAD_SEQ_ID"
      Type="oracle.jbo.domain.Number"
      ColumnType="NUMBER"
      SQLType="NUMERIC"
      TableName="XXICON_BUDGET_UPLOAD_TBL"
      PrimaryKey="true" >
      <DesignTime>
         <Attr Name="_DisplaySize" Value="22" />
      </DesignTime>
   </Attribute>
   <Attribute
      Name="UploadLevel"
      Precision="10"
      ColumnName="UPLOAD_LEVEL"
      Type="java.lang.String"
      ColumnType="VARCHAR2"
      SQLType="VARCHAR"
      TableName="XXICON_BUDGET_UPLOAD_TBL" >
      <DesignTime>
         <Attr Name="_DisplaySize" Value="10" />
      </DesignTime>
   </Attribute>
   <Attribute
      Name="ProjectNumber"
      Precision="30"
      ColumnName="PROJECT_NUMBER"
      Type="java.lang.String"
      ColumnType="VARCHAR2"
      SQLType="VARCHAR"
      TableName="XXICON_BUDGET_UPLOAD_TBL" >
      <DesignTime>
         <Attr Name="_DisplaySize" Value="30" />
      </DesignTime>
   </Attribute>
   <Attribute
      Name="Currency"
      Precision="3"
      ColumnName="CURRENCY"
      Type="java.lang.String"
      ColumnType="VARCHAR2"
      SQLType="VARCHAR"
      TableName="XXICON_BUDGET_UPLOAD_TBL" >
      <DesignTime>
         <Attr Name="_DisplaySize" Value="3" />
      </DesignTime>
   </Attribute>
   <Attribute
      Name="ContractTotal"
      ColumnName="CONTRACT_TOTAL"
      Type="oracle.jbo.domain.Number"
      ColumnType="NUMBER"
      SQLType="NUMERIC"
      TableName="XXICON_BUDGET_UPLOAD_TBL" >
      <DesignTime>
         <Attr Name="_DisplaySize" Value="22" />
      </DesignTime>
   </Attribute>
   <Attribute
      Name="OracleTaskNumber"
      Precision="30"
      ColumnName="ORACLE_TASK_NUMBER"
      Type="java.lang.String"
      ColumnType="VARCHAR2"
      SQLType="VARCHAR"
      TableName="XXICON_BUDGET_UPLOAD_TBL" >
      <DesignTime>
         <Attr Name="_DisplaySize" Value="30" />
      </DesignTime>
   </Attribute>
   <Attribute
      Name="FxLanguage"
      Precision="3"
      ColumnName="FX_LANGUAGE"
      Type="java.lang.String"
      ColumnType="VARCHAR2"
      SQLType="VARCHAR"
      TableName="XXICON_BUDGET_UPLOAD_TBL" >
      <DesignTime>
         <Attr Name="_DisplaySize" Value="3" />
      </DesignTime>
   </Attribute>
   <Attribute
      Name="ChangeOrderNum"
      Precision="30"
      ColumnName="CHANGE_ORDER_NUM"
      Type="java.lang.String"
      ColumnType="VARCHAR2"
      SQLType="VARCHAR"
      TableName="XXICON_BUDGET_UPLOAD_TBL" >
      <DesignTime>
         <Attr Name="_DisplaySize" Value="30" />
      </DesignTime>
   </Attribute>
   <Attribute
      Name="ChangeOrderDate"
      ColumnName="CHANGE_ORDER_DATE"
      Type="oracle.jbo.domain.Date"
      ColumnType="DATE"
      SQLType="DATE"
      TableName="XXICON_BUDGET_UPLOAD_TBL" >
      <DesignTime>
         <Attr Name="_DisplaySize" Value="7" />
      </DesignTime>
   </Attribute>
   <Attribute
      Name="BudgetStatus"
      Precision="10"
      ColumnName="BUDGET_STATUS"
      Type="java.lang.String"
      ColumnType="VARCHAR2"
      SQLType="VARCHAR"
      TableName="XXICON_BUDGET_UPLOAD_TBL" >
      <DesignTime>
         <Attr Name="_DisplaySize" Value="10" />
      </DesignTime>
   </Attribute>
   <Attribute
      Name="PrepaymentAppl"
      Precision="240"
      ColumnName="PREPAYMENT_APPL"
      Type="java.lang.String"
      ColumnType="VARCHAR2"
      SQLType="VARCHAR"
      TableName="XXICON_BUDGET_UPLOAD_TBL" >
      <DesignTime>
         <Attr Name="_DisplaySize" Value="240" />
      </DesignTime>
   </Attribute>
   <Attribute
      Name="PrepaymentAmount"
      ColumnName="PREPAYMENT_AMOUNT"
      Type="oracle.jbo.domain.Number"
      ColumnType="NUMBER"
      SQLType="NUMERIC"
      TableName="XXICON_BUDGET_UPLOAD_TBL" >
      <DesignTime>
         <Attr Name="_DisplaySize" Value="22" />
      </DesignTime>
   </Attribute>
   <Attribute
      Name="BillOos"
      Precision="3"
      ColumnName="BILL_OOS"
      Type="java.lang.String"
      ColumnType="VARCHAR2"
      SQLType="VARCHAR"
      TableName="XXICON_BUDGET_UPLOAD_TBL" >
      <DesignTime>
         <Attr Name="_DisplaySize" Value="3" />
      </DesignTime>
   </Attribute>
   <Attribute
      Name="InvoiceSchedule"
      Precision="30"
      ColumnName="INVOICE_SCHEDULE"
      Type="java.lang.String"
      ColumnType="VARCHAR2"
      SQLType="VARCHAR"
      TableName="XXICON_BUDGET_UPLOAD_TBL" >
      <DesignTime>
         <Attr Name="_DisplaySize" Value="30" />
      </DesignTime>
   </Attribute>
   <Attribute
      Name="PaymentTerms"
      Precision="30"
      ColumnName="PAYMENT_TERMS"
      Type="java.lang.String"
      ColumnType="VARCHAR2"
      SQLType="VARCHAR"
      TableName="XXICON_BUDGET_UPLOAD_TBL" >
      <DesignTime>
         <Attr Name="_DisplaySize" Value="30" />
      </DesignTime>
   </Attribute>
   <Attribute
      Name="DiscountPercent"
      ColumnName="DISCOUNT_PERCENT"
      Type="oracle.jbo.domain.Number"
      ColumnType="NUMBER"
      SQLType="NUMERIC"
      TableName="XXICON_BUDGET_UPLOAD_TBL" >
      <DesignTime>
         <Attr Name="_DisplaySize" Value="22" />
      </DesignTime>
   </Attribute>
   <Attribute
      Name="DiscountCapAmount"
      ColumnName="DISCOUNT_CAP_AMOUNT"
      Type="oracle.jbo.domain.Number"
      ColumnType="NUMBER"
      SQLType="NUMERIC"
      TableName="XXICON_BUDGET_UPLOAD_TBL" >
      <DesignTime>
         <Attr Name="_DisplaySize" Value="22" />
      </DesignTime>
   </Attribute>
   <Attribute
      Name="DiscountLevel"
      Precision="10"
      ColumnName="DISCOUNT_LEVEL"
      Type="java.lang.String"
      ColumnType="VARCHAR2"
      SQLType="VARCHAR"
      TableName="XXICON_BUDGET_UPLOAD_TBL" >
      <DesignTime>
         <Attr Name="_DisplaySize" Value="10" />
      </DesignTime>
   </Attribute>
   <Attribute
      Name="InflationCategory"
      Precision="30"
      ColumnName="INFLATION_CATEGORY"
      Type="java.lang.String"
      ColumnType="VARCHAR2"
      SQLType="VARCHAR"
      TableName="XXICON_BUDGET_UPLOAD_TBL" >
      <DesignTime>
         <Attr Name="_DisplaySize" Value="30" />
      </DesignTime>
   </Attribute>
   <Attribute
      Name="InflationApplicable"
      Precision="3"
      ColumnName="INFLATION_APPLICABLE"
      Type="java.lang.String"
      ColumnType="VARCHAR2"
      SQLType="VARCHAR"
      TableName="XXICON_BUDGET_UPLOAD_TBL" >
      <DesignTime>
         <Attr Name="_DisplaySize" Value="3" />
      </DesignTime>
   </Attribute>
   <Attribute
      Name="CalendarYear"
      ColumnName="CALENDAR_YEAR"
      Type="oracle.jbo.domain.Number"
      ColumnType="NUMBER"
      SQLType="NUMERIC"
      TableName="XXICON_BUDGET_UPLOAD_TBL" >
      <DesignTime>
         <Attr Name="_DisplaySize" Value="22" />
      </DesignTime>
   </Attribute>
   <Attribute
      Name="InflationPercent"
      ColumnName="INFLATION_PERCENT"
      Type="oracle.jbo.domain.Number"
      ColumnType="NUMBER"
      SQLType="NUMERIC"
      TableName="XXICON_BUDGET_UPLOAD_TBL" >
      <DesignTime>
         <Attr Name="_DisplaySize" Value="22" />
      </DesignTime>
   </Attribute>
   <Attribute
      Name="EffectiveDateFrom"
      Precision="30"
      ColumnName="EFFECTIVE_DATE_FROM"
      Type="java.lang.String"
      ColumnType="VARCHAR2"
      SQLType="VARCHAR"
      TableName="XXICON_BUDGET_UPLOAD_TBL" >
      <DesignTime>
         <Attr Name="_DisplaySize" Value="30" />
      </DesignTime>
   </Attribute>
   <Attribute
      Name="Source"
      Precision="10"
      ColumnName="SOURCE"
      Type="java.lang.String"
      ColumnType="VARCHAR2"
      SQLType="VARCHAR"
      TableName="XXICON_BUDGET_UPLOAD_TBL" >
      <DesignTime>
         <Attr Name="_DisplaySize" Value="10" />
      </DesignTime>
   </Attribute>
   <Attribute
      Name="SourceReference"
      Precision="30"
      ColumnName="SOURCE_REFERENCE"
      Type="java.lang.String"
      ColumnType="VARCHAR2"
      SQLType="VARCHAR"
      TableName="XXICON_BUDGET_UPLOAD_TBL" >
      <DesignTime>
         <Attr Name="_DisplaySize" Value="30" />
      </DesignTime>
   </Attribute>
   <Attribute
      Name="ParentTask"
      Precision="240"
      ColumnName="PARENT_TASK"
      Type="java.lang.String"
      ColumnType="VARCHAR2"
      SQLType="VARCHAR"
      TableName="XXICON_BUDGET_UPLOAD_TBL" >
      <DesignTime>
         <Attr Name="_DisplaySize" Value="240" />
      </DesignTime>
   </Attribute>
   <Attribute
      Name="Task"
      Precision="240"
      ColumnName="TASK"
      Type="java.lang.String"
      ColumnType="VARCHAR2"
      SQLType="VARCHAR"
      TableName="XXICON_BUDGET_UPLOAD_TBL" >
      <DesignTime>
         <Attr Name="_DisplaySize" Value="240" />
      </DesignTime>
   </Attribute>
   <Attribute
      Name="UnitOfMeasure"
      Precision="240"
      ColumnName="UNIT_OF_MEASURE"
      Type="java.lang.String"
      ColumnType="VARCHAR2"
      SQLType="VARCHAR"
      TableName="XXICON_BUDGET_UPLOAD_TBL" >
      <DesignTime>
         <Attr Name="_DisplaySize" Value="240" />
      </DesignTime>
   </Attribute>
   <Attribute
      Name="CabCode"
      Precision="240"
      ColumnName="CAB_CODE"
      Type="java.lang.String"
      ColumnType="VARCHAR2"
      SQLType="VARCHAR"
      TableName="XXICON_BUDGET_UPLOAD_TBL" >
      <DesignTime>
         <Attr Name="_DisplaySize" Value="240" />
      </DesignTime>
   </Attribute>
   <Attribute
      Name="ClientTaskCode"
      Precision="240"
      ColumnName="CLIENT_TASK_CODE"
      Type="java.lang.String"
      ColumnType="VARCHAR2"
      SQLType="VARCHAR"
      TableName="XXICON_BUDGET_UPLOAD_TBL" >
      <DesignTime>
         <Attr Name="_DisplaySize" Value="240" />
      </DesignTime>
   </Attribute>
   <Attribute
      Name="InvoicingInstruction"
      Precision="2000"
      ColumnName="INVOICING_INSTRUCTION"
      Type="java.lang.String"
      ColumnType="VARCHAR2"
      SQLType="VARCHAR"
      TableName="XXICON_BUDGET_UPLOAD_TBL" >
      <DesignTime>
         <Attr Name="_DisplaySize" Value="2000" />
      </DesignTime>
   </Attribute>
   <Attribute
      Name="Units"
      ColumnName="UNITS"
      Type="oracle.jbo.domain.Number"
      ColumnType="NUMBER"
      SQLType="NUMERIC"
      TableName="XXICON_BUDGET_UPLOAD_TBL" >
      <DesignTime>
         <Attr Name="_DisplaySize" Value="22" />
      </DesignTime>
   </Attribute>
   <Attribute
      Name="UnitCost"
      ColumnName="UNIT_COST"
      Type="oracle.jbo.domain.Number"
      ColumnType="NUMBER"
      SQLType="NUMERIC"
      TableName="XXICON_BUDGET_UPLOAD_TBL" >
      <DesignTime>
         <Attr Name="_DisplaySize" Value="22" />
      </DesignTime>
   </Attribute>
   <Attribute
      Name="LineDiscountPercent"
      ColumnName="LINE_DISCOUNT_PERCENT"
      Type="oracle.jbo.domain.Number"
      ColumnType="NUMBER"
      SQLType="NUMERIC"
      TableName="XXICON_BUDGET_UPLOAD_TBL" >
      <DesignTime>
         <Attr Name="_DisplaySize" Value="22" />
      </DesignTime>
   </Attribute>
   <Attribute
      Name="ChangeReason"
      Precision="2000"
      ColumnName="CHANGE_REASON"
      Type="java.lang.String"
      ColumnType="VARCHAR2"
      SQLType="VARCHAR"
      TableName="XXICON_BUDGET_UPLOAD_TBL" >
      <DesignTime>
         <Attr Name="_DisplaySize" Value="2000" />
      </DesignTime>
   </Attribute>
   <Attribute
      Name="EndDate"
      Precision="30"
      ColumnName="END_DATE"
      Type="java.lang.String"
      ColumnType="VARCHAR2"
      SQLType="VARCHAR"
      TableName="XXICON_BUDGET_UPLOAD_TBL" >
      <DesignTime>
         <Attr Name="_DisplaySize" Value="30" />
      </DesignTime>
   </Attribute>
   <Attribute
      Name="RetiredFlag"
      Precision="3"
      ColumnName="RETIRED_FLAG"
      Type="java.lang.String"
      ColumnType="VARCHAR2"
      SQLType="VARCHAR"
      TableName="XXICON_BUDGET_UPLOAD_TBL" >
      <DesignTime>
         <Attr Name="_DisplaySize" Value="3" />
      </DesignTime>
   </Attribute>
   <Attribute
      Name="LinkedToParentTask"
      Precision="240"
      ColumnName="LINKED_TO_PARENT_TASK"
      Type="java.lang.String"
      ColumnType="VARCHAR2"
      SQLType="VARCHAR"
      TableName="XXICON_BUDGET_UPLOAD_TBL" >
      <DesignTime>
         <Attr Name="_DisplaySize" Value="240" />
      </DesignTime>
   </Attribute>
   <Attribute
      Name="LinkedToSubTask"
      Precision="240"
      ColumnName="LINKED_TO_SUB_TASK"
      Type="java.lang.String"
      ColumnType="VARCHAR2"
      SQLType="VARCHAR"
      TableName="XXICON_BUDGET_UPLOAD_TBL" >
      <DesignTime>
         <Attr Name="_DisplaySize" Value="240" />
      </DesignTime>
   </Attribute>
   <Attribute
      Name="Attribute1"
      Precision="240"
      ColumnName="ATTRIBUTE1"
      Type="java.lang.String"
      ColumnType="VARCHAR2"
      SQLType="VARCHAR"
      TableName="XXICON_BUDGET_UPLOAD_TBL" >
      <DesignTime>
         <Attr Name="_DisplaySize" Value="240" />
      </DesignTime>
   </Attribute>
   <Attribute
      Name="Attribute2"
      Precision="240"
      ColumnName="ATTRIBUTE2"
      Type="java.lang.String"
      ColumnType="VARCHAR2"
      SQLType="VARCHAR"
      TableName="XXICON_BUDGET_UPLOAD_TBL" >
      <DesignTime>
         <Attr Name="_DisplaySize" Value="240" />
      </DesignTime>
   </Attribute>
   <Attribute
      Name="Attribute3"
      Precision="240"
      ColumnName="ATTRIBUTE3"
      Type="java.lang.String"
      ColumnType="VARCHAR2"
      SQLType="VARCHAR"
      TableName="XXICON_BUDGET_UPLOAD_TBL" >
      <DesignTime>
         <Attr Name="_DisplaySize" Value="240" />
      </DesignTime>
   </Attribute>
   <Attribute
      Name="Attribute4"
      Precision="240"
      ColumnName="ATTRIBUTE4"
      Type="java.lang.String"
      ColumnType="VARCHAR2"
      SQLType="VARCHAR"
      TableName="XXICON_BUDGET_UPLOAD_TBL" >
      <DesignTime>
         <Attr Name="_DisplaySize" Value="240" />
      </DesignTime>
   </Attribute>
   <Attribute
      Name="Attribute5"
      Precision="240"
      ColumnName="ATTRIBUTE5"
      Type="java.lang.String"
      ColumnType="VARCHAR2"
      SQLType="VARCHAR"
      TableName="XXICON_BUDGET_UPLOAD_TBL" >
      <DesignTime>
         <Attr Name="_DisplaySize" Value="240" />
      </DesignTime>
   </Attribute>
   <Attribute
      Name="Attribute6"
      Precision="240"
      ColumnName="ATTRIBUTE6"
      Type="java.lang.String"
      ColumnType="VARCHAR2"
      SQLType="VARCHAR"
      TableName="XXICON_BUDGET_UPLOAD_TBL" >
      <DesignTime>
         <Attr Name="_DisplaySize" Value="240" />
      </DesignTime>
   </Attribute>
   <Attribute
      Name="Attribute7"
      Precision="240"
      ColumnName="ATTRIBUTE7"
      Type="java.lang.String"
      ColumnType="VARCHAR2"
      SQLType="VARCHAR"
      TableName="XXICON_BUDGET_UPLOAD_TBL" >
      <DesignTime>
         <Attr Name="_DisplaySize" Value="240" />
      </DesignTime>
   </Attribute>
   <Attribute
      Name="Attribute8"
      Precision="240"
      ColumnName="ATTRIBUTE8"
      Type="java.lang.String"
      ColumnType="VARCHAR2"
      SQLType="VARCHAR"
      TableName="XXICON_BUDGET_UPLOAD_TBL" >
      <DesignTime>
         <Attr Name="_DisplaySize" Value="240" />
      </DesignTime>
   </Attribute>
   <Attribute
      Name="Attribute9"
      Precision="240"
      ColumnName="ATTRIBUTE9"
      Type="java.lang.String"
      ColumnType="VARCHAR2"
      SQLType="VARCHAR"
      TableName="XXICON_BUDGET_UPLOAD_TBL" >
      <DesignTime>
         <Attr Name="_DisplaySize" Value="240" />
      </DesignTime>
   </Attribute>
   <Attribute
      Name="Attribute10"
      Precision="240"
      ColumnName="ATTRIBUTE10"
      Type="java.lang.String"
      ColumnType="VARCHAR2"
      SQLType="VARCHAR"
      TableName="XXICON_BUDGET_UPLOAD_TBL" >
      <DesignTime>
         <Attr Name="_DisplaySize" Value="240" />
      </DesignTime>
   </Attribute>
   <Attribute
      Name="SrcCreationDate"
      Precision="30"
      ColumnName="SRC_CREATION_DATE"
      Type="java.lang.String"
      ColumnType="VARCHAR2"
      SQLType="VARCHAR"
      TableName="XXICON_BUDGET_UPLOAD_TBL" >
      <DesignTime>
         <Attr Name="_DisplaySize" Value="30" />
      </DesignTime>
   </Attribute>
   <Attribute
      Name="SrcCreatedBy"
      Precision="240"
      ColumnName="SRC_CREATED_BY"
      Type="java.lang.String"
      ColumnType="VARCHAR2"
      SQLType="VARCHAR"
      TableName="XXICON_BUDGET_UPLOAD_TBL" >
      <DesignTime>
         <Attr Name="_DisplaySize" Value="240" />
      </DesignTime>
   </Attribute>
   <Attribute
      Name="SrcLastUpdateDate"
      ColumnName="SRC_LAST_UPDATE_DATE"
      Type="oracle.jbo.domain.Date"
      ColumnType="DATE"
      SQLType="DATE"
      TableName="XXICON_BUDGET_UPLOAD_TBL" >
      <DesignTime>
         <Attr Name="_DisplaySize" Value="7" />
      </DesignTime>
   </Attribute>
   <Attribute
      Name="SrcLastUpdateLogin"
      Precision="240"
      ColumnName="SRC_LAST_UPDATE_LOGIN"
      Type="java.lang.String"
      ColumnType="VARCHAR2"
      SQLType="VARCHAR"
      TableName="XXICON_BUDGET_UPLOAD_TBL" >
      <DesignTime>
         <Attr Name="_DisplaySize" Value="240" />
      </DesignTime>
   </Attribute>
   <Attribute
      Name="SrcLastUpdatedBy"
      Precision="240"
      ColumnName="SRC_LAST_UPDATED_BY"
      Type="java.lang.String"
      ColumnType="VARCHAR2"
      SQLType="VARCHAR"
      TableName="XXICON_BUDGET_UPLOAD_TBL" >
      <DesignTime>
         <Attr Name="_DisplaySize" Value="240" />
      </DesignTime>
   </Attribute>
   <Attribute
      Name="CreationDate"
      ColumnName="CREATION_DATE"
      Type="oracle.jbo.domain.Date"
      ColumnType="DATE"
      SQLType="DATE"
      TableName="XXICON_BUDGET_UPLOAD_TBL" >
      <DesignTime>
         <Attr Name="_DisplaySize" Value="7" />
      </DesignTime>
   </Attribute>
   <Attribute
      Name="CreatedBy"
      ColumnName="CREATED_BY"
      Type="oracle.jbo.domain.Number"
      ColumnType="NUMBER"
      SQLType="NUMERIC"
      TableName="XXICON_BUDGET_UPLOAD_TBL" >
      <DesignTime>
         <Attr Name="_DisplaySize" Value="22" />
      </DesignTime>
   </Attribute>
   <Attribute
      Name="LastUpdateDate"
      ColumnName="LAST_UPDATE_DATE"
      Type="oracle.jbo.domain.Date"
      ColumnType="DATE"
      SQLType="DATE"
      TableName="XXICON_BUDGET_UPLOAD_TBL" >
      <DesignTime>
         <Attr Name="_DisplaySize" Value="7" />
      </DesignTime>
   </Attribute>
   <Attribute
      Name="LastUpdateLogin"
      ColumnName="LAST_UPDATE_LOGIN"
      Type="oracle.jbo.domain.Number"
      ColumnType="NUMBER"
      SQLType="NUMERIC"
      TableName="XXICON_BUDGET_UPLOAD_TBL" >
      <DesignTime>
         <Attr Name="_DisplaySize" Value="22" />
      </DesignTime>
   </Attribute>
   <Attribute
      Name="LastUpdatedBy"
      ColumnName="LAST_UPDATED_BY"
      Type="oracle.jbo.domain.Number"
      ColumnType="NUMBER"
      SQLType="NUMERIC"
      TableName="XXICON_BUDGET_UPLOAD_TBL" >
      <DesignTime>
         <Attr Name="_DisplaySize" Value="22" />
      </DesignTime>
   </Attribute>
   <Key
      Name="SysC001110460" >
      <AttrArray Name="Attributes">
         <Item Value="xxicon.oracle.apps.ar.unitbill.schema.server.XxiconBudgetUploadTblEO.UnitLoadSeqId" />
      </AttrArray>
      <DesignTime>
         <Attr Name="_isPrimary" Value="true" />
         <Attr Name="_DBObjectName" Value="SYS_C001110460" />
      </DesignTime>
   </Key>
</Entity>
