<?xml version='1.0' encoding='windows-1252' ?>
<!DOCTYPE JboPackage SYSTEM "jbo_03_01.dtd">

<JboPackage
   Name="server"
   SeparateXMLFiles="true"
   PackageName="xxicon.oracle.apps.ar.unitbill.server" >
   <DesignTime>
      <Attr Name="_ejbPackage" Value="false" />
      <Attr Name="_version" Value="10.1.3.41.57" />
   </DesignTime>
   <Containee
      Name="XxiconBudgetHeadersVO"
      FullName="xxicon.oracle.apps.ar.unitbill.server.XxiconBudgetHeadersVO"
      ObjectType="ViewObject" >
   </Containee>
   <Containee
      Name="XxiconBudgetLinesVO"
      FullName="xxicon.oracle.apps.ar.unitbill.server.XxiconBudgetLinesVO"
      ObjectType="ViewObject" >
   </Containee>
   <Containee
      Name="XxiconBudgetParentTaskVO"
      FullName="xxicon.oracle.apps.ar.unitbill.server.XxiconBudgetParentTaskVO"
      ObjectType="ViewObject" >
   </Containee>
   <Containee
      Name="XxiconBudgetSearchVO"
      FullName="xxicon.oracle.apps.ar.unitbill.server.XxiconBudgetSearchVO"
      ObjectType="ViewObject" >
   </Containee>
   <Containee
      Name="XxiconBudgetTaskVL"
      FullName="xxicon.oracle.apps.ar.unitbill.server.XxiconBudgetTaskVL"
      ObjectType="ViewLink" >
   </Containee>
   <Containee
      Name="XxiconBudgetUploadTblVO"
      FullName="xxicon.oracle.apps.ar.unitbill.server.XxiconBudgetUploadTblVO"
      ObjectType="ViewObject" >
   </Containee>
   <Containee
      Name="XxiconUnitBillAM"
      FullName="xxicon.oracle.apps.ar.unitbill.server.XxiconUnitBillAM"
      ObjectType="AppModule" >
   </Containee>
</JboPackage>
