<?xml version='1.0' encoding='windows-1252' ?>
<!DOCTYPE ViewObject SYSTEM "jbo_03_01.dtd">

<ViewObject
   Name="XxiconBudgetLinesVO"
   SelectList="XxiconBudgetLinesEO.UNIT_TASK_ID, 
       XxiconBudgetLinesEO.UNIT_PROJECT_ID, 
       XxiconBudgetLinesEO.PARENT_TASK, 
       XxiconBudgetLinesEO.TASK, 
       XxiconBudgetLinesEO.CATEGORY, 
       XxiconBudgetLinesEO.UNIT_OF_MEASURE, 
       XxiconBudgetLinesEO.CAB_CODE, 
       XxiconBudgetLinesEO.CLIENT_TASK_CODE, 
       XxiconBudgetLinesEO.INVOICING_INSTRUCTION, 
       XxiconBudgetLinesEO.UNITS, 
       XxiconBudgetLinesEO.UNIT_COST, 
       XxiconBudgetLinesEO.TOTAL_BUDGET, 
       XxiconBudgetLinesEO.ACHIEVED_UNITS, 
       XxiconBudgetLinesEO.REMAINING_UNITS, 
       XxiconBudgetLinesEO.TOTAL, 
       XxiconBudgetLinesEO.OOS_UNITS, 
       XxiconBudgetLinesEO.OOS_TOTAL, 
       XxiconBudgetLinesEO.VERSION_NUMBER, 
       XxiconBudgetLinesEO.CHANGE_ORDER_NUM, 
       XxiconBudgetLinesEO.CHANGE_ORDER_DATE, 
       XxiconBudgetLinesEO.CHANGE_REASON, 
       XxiconBudgetLinesEO.CHANGE_TYPE, 
       XxiconBudgetLinesEO.RETIRE_FLAG, 
       XxiconBudgetLinesEO.INFLATION_CATEGORY, 
       XxiconBudgetLinesEO.INFLATION_FLAG, 
       XxiconBudgetLinesEO.DISCOUNT_PERCENTAGE, 
       XxiconBudgetLinesEO.LINK_OLD_TASK_ID, 
       XxiconBudgetLinesEO.CREATION_DATE, 
       XxiconBudgetLinesEO.CREATED_BY, 
       XxiconBudgetLinesEO.LAST_UPDATE_DATE, 
       XxiconBudgetLinesEO.LAST_UPDATE_LOGIN, 
       XxiconBudgetLinesEO.LAST_UPDATED_BY, 
       XxiconBudgetLinesEO.INFLATION_PERCENT, 
       XxiconBudgetLinesEO.CALENDAR_YEAR, 
       XxiconBudgetLinesEO.EFFECTIVE_DATE_FROM, 
       XxiconBudgetLinesEO.SOURCE, 
       XxiconBudgetLinesEO.SOURCE_REFERENCE, 
       XxiconBudgetLinesEO.END_DATE"
   FromList="XXICON_BUDGET_LINES XxiconBudgetLinesEO"
   BindingStyle="OracleName"
   CustomQuery="false"
   RowClass="oracle.apps.fnd.framework.server.OAViewRowImpl"
   ComponentClass="xxicon.oracle.apps.ar.unitbill.server.XxiconBudgetLinesVOImpl"
   UseGlueCode="false" >
   <DesignTime>
      <Attr Name="_version" Value="10.1.3.41.57" />
      <Attr Name="_codeGenFlag2" Value="Access|Coll|VarAccess" />
   </DesignTime>
   <EntityUsage
      Name="XxiconBudgetLinesEO"
      Entity="xxicon.oracle.apps.ar.unitbill.schema.server.XxiconBudgetLinesEO" >
      <DesignTime>
         <Attr Name="_queryClause" Value="false" />
      </DesignTime>
   </EntityUsage>
   <ViewAttribute
      Name="UnitTaskId"
      IsNotNull="true"
      EntityAttrName="UnitTaskId"
      EntityUsage="XxiconBudgetLinesEO"
      AliasName="UNIT_TASK_ID" >
   </ViewAttribute>
   <ViewAttribute
      Name="UnitProjectId"
      IsNotNull="true"
      EntityAttrName="UnitProjectId"
      EntityUsage="XxiconBudgetLinesEO"
      AliasName="UNIT_PROJECT_ID" >
   </ViewAttribute>
   <ViewAttribute
      Name="ParentTask"
      EntityAttrName="ParentTask"
      EntityUsage="XxiconBudgetLinesEO"
      AliasName="PARENT_TASK" >
   </ViewAttribute>
   <ViewAttribute
      Name="Task"
      IsNotNull="true"
      EntityAttrName="Task"
      EntityUsage="XxiconBudgetLinesEO"
      AliasName="TASK" >
   </ViewAttribute>
   <ViewAttribute
      Name="Category"
      EntityAttrName="Category"
      EntityUsage="XxiconBudgetLinesEO"
      AliasName="CATEGORY" >
   </ViewAttribute>
   <ViewAttribute
      Name="UnitOfMeasure"
      EntityAttrName="UnitOfMeasure"
      EntityUsage="XxiconBudgetLinesEO"
      AliasName="UNIT_OF_MEASURE" >
   </ViewAttribute>
   <ViewAttribute
      Name="CabCode"
      EntityAttrName="CabCode"
      EntityUsage="XxiconBudgetLinesEO"
      AliasName="CAB_CODE" >
   </ViewAttribute>
   <ViewAttribute
      Name="ClientTaskCode"
      EntityAttrName="ClientTaskCode"
      EntityUsage="XxiconBudgetLinesEO"
      AliasName="CLIENT_TASK_CODE" >
   </ViewAttribute>
   <ViewAttribute
      Name="InvoicingInstruction"
      EntityAttrName="InvoicingInstruction"
      EntityUsage="XxiconBudgetLinesEO"
      AliasName="INVOICING_INSTRUCTION" >
   </ViewAttribute>
   <ViewAttribute
      Name="Units"
      EntityAttrName="Units"
      EntityUsage="XxiconBudgetLinesEO"
      AliasName="UNITS" >
   </ViewAttribute>
   <ViewAttribute
      Name="UnitCost"
      EntityAttrName="UnitCost"
      EntityUsage="XxiconBudgetLinesEO"
      AliasName="UNIT_COST" >
   </ViewAttribute>
   <ViewAttribute
      Name="TotalBudget"
      EntityAttrName="TotalBudget"
      EntityUsage="XxiconBudgetLinesEO"
      AliasName="TOTAL_BUDGET" >
   </ViewAttribute>
   <ViewAttribute
      Name="AchievedUnits"
      EntityAttrName="AchievedUnits"
      EntityUsage="XxiconBudgetLinesEO"
      AliasName="ACHIEVED_UNITS" >
   </ViewAttribute>
   <ViewAttribute
      Name="RemainingUnits"
      EntityAttrName="RemainingUnits"
      EntityUsage="XxiconBudgetLinesEO"
      AliasName="REMAINING_UNITS" >
   </ViewAttribute>
   <ViewAttribute
      Name="Total"
      EntityAttrName="Total"
      EntityUsage="XxiconBudgetLinesEO"
      AliasName="TOTAL" >
   </ViewAttribute>
   <ViewAttribute
      Name="OosUnits"
      EntityAttrName="OosUnits"
      EntityUsage="XxiconBudgetLinesEO"
      AliasName="OOS_UNITS" >
   </ViewAttribute>
   <ViewAttribute
      Name="OosTotal"
      EntityAttrName="OosTotal"
      EntityUsage="XxiconBudgetLinesEO"
      AliasName="OOS_TOTAL" >
   </ViewAttribute>
   <ViewAttribute
      Name="VersionNumber"
      IsNotNull="true"
      EntityAttrName="VersionNumber"
      EntityUsage="XxiconBudgetLinesEO"
      AliasName="VERSION_NUMBER" >
   </ViewAttribute>
   <ViewAttribute
      Name="ChangeOrderNum"
      EntityAttrName="ChangeOrderNum"
      EntityUsage="XxiconBudgetLinesEO"
      AliasName="CHANGE_ORDER_NUM" >
   </ViewAttribute>
   <ViewAttribute
      Name="ChangeOrderDate"
      EntityAttrName="ChangeOrderDate"
      EntityUsage="XxiconBudgetLinesEO"
      AliasName="CHANGE_ORDER_DATE" >
   </ViewAttribute>
   <ViewAttribute
      Name="ChangeReason"
      EntityAttrName="ChangeReason"
      EntityUsage="XxiconBudgetLinesEO"
      AliasName="CHANGE_REASON" >
   </ViewAttribute>
   <ViewAttribute
      Name="ChangeType"
      EntityAttrName="ChangeType"
      EntityUsage="XxiconBudgetLinesEO"
      AliasName="CHANGE_TYPE" >
   </ViewAttribute>
   <ViewAttribute
      Name="RetireFlag"
      EntityAttrName="RetireFlag"
      EntityUsage="XxiconBudgetLinesEO"
      AliasName="RETIRE_FLAG" >
   </ViewAttribute>
   <ViewAttribute
      Name="InflationCategory"
      EntityAttrName="InflationCategory"
      EntityUsage="XxiconBudgetLinesEO"
      AliasName="INFLATION_CATEGORY" >
   </ViewAttribute>
   <ViewAttribute
      Name="InflationFlag"
      EntityAttrName="InflationFlag"
      EntityUsage="XxiconBudgetLinesEO"
      AliasName="INFLATION_FLAG" >
   </ViewAttribute>
   <ViewAttribute
      Name="DiscountPercentage"
      EntityAttrName="DiscountPercentage"
      EntityUsage="XxiconBudgetLinesEO"
      AliasName="DISCOUNT_PERCENTAGE" >
   </ViewAttribute>
   <ViewAttribute
      Name="LinkOldTaskId"
      EntityAttrName="LinkOldTaskId"
      EntityUsage="XxiconBudgetLinesEO"
      AliasName="LINK_OLD_TASK_ID" >
   </ViewAttribute>
   <ViewAttribute
      Name="CreationDate"
      EntityAttrName="CreationDate"
      EntityUsage="XxiconBudgetLinesEO"
      AliasName="CREATION_DATE" >
   </ViewAttribute>
   <ViewAttribute
      Name="CreatedBy"
      EntityAttrName="CreatedBy"
      EntityUsage="XxiconBudgetLinesEO"
      AliasName="CREATED_BY" >
   </ViewAttribute>
   <ViewAttribute
      Name="LastUpdateDate"
      EntityAttrName="LastUpdateDate"
      EntityUsage="XxiconBudgetLinesEO"
      AliasName="LAST_UPDATE_DATE" >
   </ViewAttribute>
   <ViewAttribute
      Name="LastUpdateLogin"
      EntityAttrName="LastUpdateLogin"
      EntityUsage="XxiconBudgetLinesEO"
      AliasName="LAST_UPDATE_LOGIN" >
   </ViewAttribute>
   <ViewAttribute
      Name="LastUpdatedBy"
      EntityAttrName="LastUpdatedBy"
      EntityUsage="XxiconBudgetLinesEO"
      AliasName="LAST_UPDATED_BY" >
   </ViewAttribute>
   <ViewAttribute
      Name="InflationPercent"
      EntityAttrName="InflationPercent"
      EntityUsage="XxiconBudgetLinesEO"
      AliasName="INFLATION_PERCENT" >
   </ViewAttribute>
   <ViewAttribute
      Name="CalendarYear"
      EntityAttrName="CalendarYear"
      EntityUsage="XxiconBudgetLinesEO"
      AliasName="CALENDAR_YEAR" >
   </ViewAttribute>
   <ViewAttribute
      Name="EffectiveDateFrom"
      EntityAttrName="EffectiveDateFrom"
      EntityUsage="XxiconBudgetLinesEO"
      AliasName="EFFECTIVE_DATE_FROM" >
   </ViewAttribute>
   <ViewAttribute
      Name="Source"
      EntityAttrName="Source"
      EntityUsage="XxiconBudgetLinesEO"
      AliasName="SOURCE" >
   </ViewAttribute>
   <ViewAttribute
      Name="SourceReference"
      EntityAttrName="SourceReference"
      EntityUsage="XxiconBudgetLinesEO"
      AliasName="SOURCE_REFERENCE" >
   </ViewAttribute>
   <ViewAttribute
      Name="EndDate"
      EntityAttrName="EndDate"
      EntityUsage="XxiconBudgetLinesEO"
      AliasName="END_DATE" >
   </ViewAttribute>
</ViewObject>
