<?xml version='1.0' encoding='windows-1252' ?>
<!DOCTYPE ViewObject SYSTEM "jbo_03_01.dtd">

<ViewObject
   Name="XxiconBudgetUploadTblVO"
   SelectList="XxiconBudgetUploadTblEO.UNIT_LOAD_SEQ_ID, 
       XxiconBudgetUploadTblEO.UPLOAD_LEVEL, 
       XxiconBudgetUploadTblEO.PROJECT_NUMBER, 
       XxiconBudgetUploadTblEO.CURRENCY, 
       XxiconBudgetUploadTblEO.CONTRACT_TOTAL, 
       XxiconBudgetUploadTblEO.ORACLE_TASK_NUMBER, 
       XxiconBudgetUploadTblEO.FX_LANGUAGE, 
       XxiconBudgetUploadTblEO.CHANGE_ORDER_NUM, 
       XxiconBudgetUploadTblEO.CHANGE_ORDER_DATE, 
       XxiconBudgetUploadTblEO.BUDGET_STATUS, 
       XxiconBudgetUploadTblEO.PREPAYMENT_APPL, 
       XxiconBudgetUploadTblEO.PREPAYMENT_AMOUNT, 
       XxiconBudgetUploadTblEO.BILL_OOS, 
       XxiconBudgetUploadTblEO.INVOICE_SCHEDULE, 
       XxiconBudgetUploadTblEO.PAYMENT_TERMS, 
       XxiconBudgetUploadTblEO.DISCOUNT_PERCENT, 
       XxiconBudgetUploadTblEO.DISCOUNT_CAP_AMOUNT, 
       XxiconBudgetUploadTblEO.DISCOUNT_LEVEL, 
       XxiconBudgetUploadTblEO.INFLATION_CATEGORY, 
       XxiconBudgetUploadTblEO.INFLATION_APPLICABLE, 
       XxiconBudgetUploadTblEO.CALENDAR_YEAR, 
       XxiconBudgetUploadTblEO.INFLATION_PERCENT, 
       XxiconBudgetUploadTblEO.EFFECTIVE_DATE_FROM, 
       XxiconBudgetUploadTblEO.SOURCE, 
       XxiconBudgetUploadTblEO.SOURCE_REFERENCE, 
       XxiconBudgetUploadTblEO.PARENT_TASK, 
       XxiconBudgetUploadTblEO.TASK, 
       XxiconBudgetUploadTblEO.UNIT_OF_MEASURE, 
       XxiconBudgetUploadTblEO.CAB_CODE, 
       XxiconBudgetUploadTblEO.CLIENT_TASK_CODE, 
       XxiconBudgetUploadTblEO.INVOICING_INSTRUCTION, 
       XxiconBudgetUploadTblEO.UNITS, 
       XxiconBudgetUploadTblEO.UNIT_COST, 
       XxiconBudgetUploadTblEO.LINE_DISCOUNT_PERCENT, 
       XxiconBudgetUploadTblEO.CHANGE_REASON, 
       XxiconBudgetUploadTblEO.END_DATE, 
       XxiconBudgetUploadTblEO.RETIRED_FLAG, 
       XxiconBudgetUploadTblEO.LINKED_TO_PARENT_TASK, 
       XxiconBudgetUploadTblEO.LINKED_TO_SUB_TASK, 
       XxiconBudgetUploadTblEO.ATTRIBUTE1, 
       XxiconBudgetUploadTblEO.ATTRIBUTE2, 
       XxiconBudgetUploadTblEO.ATTRIBUTE3, 
       XxiconBudgetUploadTblEO.ATTRIBUTE4, 
       XxiconBudgetUploadTblEO.ATTRIBUTE5, 
       XxiconBudgetUploadTblEO.ATTRIBUTE6, 
       XxiconBudgetUploadTblEO.ATTRIBUTE7, 
       XxiconBudgetUploadTblEO.ATTRIBUTE8, 
       XxiconBudgetUploadTblEO.ATTRIBUTE9, 
       XxiconBudgetUploadTblEO.ATTRIBUTE10, 
       XxiconBudgetUploadTblEO.SRC_CREATION_DATE, 
       XxiconBudgetUploadTblEO.SRC_CREATED_BY, 
       XxiconBudgetUploadTblEO.SRC_LAST_UPDATE_DATE, 
       XxiconBudgetUploadTblEO.SRC_LAST_UPDATE_LOGIN, 
       XxiconBudgetUploadTblEO.SRC_LAST_UPDATED_BY, 
       XxiconBudgetUploadTblEO.CREATION_DATE, 
       XxiconBudgetUploadTblEO.CREATED_BY, 
       XxiconBudgetUploadTblEO.LAST_UPDATE_DATE, 
       XxiconBudgetUploadTblEO.LAST_UPDATE_LOGIN, 
       XxiconBudgetUploadTblEO.LAST_UPDATED_BY"
   FromList="XXICON_BUDGET_UPLOAD_TBL XxiconBudgetUploadTblEO"
   BindingStyle="OracleName"
   CustomQuery="false"
   RowClass="xxicon.oracle.apps.ar.unitbill.server.XxiconBudgetUploadTblVORowImpl"
   ComponentClass="xxicon.oracle.apps.ar.unitbill.server.XxiconBudgetUploadTblVOImpl"
   UseGlueCode="false" >
   <DesignTime>
      <Attr Name="_isCodegen" Value="true" />
      <Attr Name="_version" Value="10.1.3.41.57" />
      <Attr Name="_codeGenFlag2" Value="Access|Coll|VarAccess" />
   </DesignTime>
   <EntityUsage
      Name="XxiconBudgetUploadTblEO"
      Entity="xxicon.oracle.apps.ar.unitbill.schema.server.XxiconBudgetUploadTblEO" >
      <DesignTime>
         <Attr Name="_queryClause" Value="false" />
      </DesignTime>
   </EntityUsage>
   <ViewAttribute
      Name="UnitLoadSeqId"
      IsNotNull="true"
      EntityAttrName="UnitLoadSeqId"
      EntityUsage="XxiconBudgetUploadTblEO"
      AliasName="UNIT_LOAD_SEQ_ID" >
   </ViewAttribute>
   <ViewAttribute
      Name="UploadLevel"
      EntityAttrName="UploadLevel"
      EntityUsage="XxiconBudgetUploadTblEO"
      AliasName="UPLOAD_LEVEL" >
   </ViewAttribute>
   <ViewAttribute
      Name="ProjectNumber"
      EntityAttrName="ProjectNumber"
      EntityUsage="XxiconBudgetUploadTblEO"
      AliasName="PROJECT_NUMBER" >
   </ViewAttribute>
   <ViewAttribute
      Name="Currency"
      EntityAttrName="Currency"
      EntityUsage="XxiconBudgetUploadTblEO"
      AliasName="CURRENCY" >
   </ViewAttribute>
   <ViewAttribute
      Name="ContractTotal"
      EntityAttrName="ContractTotal"
      EntityUsage="XxiconBudgetUploadTblEO"
      AliasName="CONTRACT_TOTAL" >
   </ViewAttribute>
   <ViewAttribute
      Name="OracleTaskNumber"
      EntityAttrName="OracleTaskNumber"
      EntityUsage="XxiconBudgetUploadTblEO"
      AliasName="ORACLE_TASK_NUMBER" >
   </ViewAttribute>
   <ViewAttribute
      Name="FxLanguage"
      EntityAttrName="FxLanguage"
      EntityUsage="XxiconBudgetUploadTblEO"
      AliasName="FX_LANGUAGE" >
   </ViewAttribute>
   <ViewAttribute
      Name="ChangeOrderNum"
      EntityAttrName="ChangeOrderNum"
      EntityUsage="XxiconBudgetUploadTblEO"
      AliasName="CHANGE_ORDER_NUM" >
   </ViewAttribute>
   <ViewAttribute
      Name="ChangeOrderDate"
      EntityAttrName="ChangeOrderDate"
      EntityUsage="XxiconBudgetUploadTblEO"
      AliasName="CHANGE_ORDER_DATE" >
   </ViewAttribute>
   <ViewAttribute
      Name="BudgetStatus"
      EntityAttrName="BudgetStatus"
      EntityUsage="XxiconBudgetUploadTblEO"
      AliasName="BUDGET_STATUS" >
   </ViewAttribute>
   <ViewAttribute
      Name="PrepaymentAppl"
      EntityAttrName="PrepaymentAppl"
      EntityUsage="XxiconBudgetUploadTblEO"
      AliasName="PREPAYMENT_APPL" >
   </ViewAttribute>
   <ViewAttribute
      Name="PrepaymentAmount"
      EntityAttrName="PrepaymentAmount"
      EntityUsage="XxiconBudgetUploadTblEO"
      AliasName="PREPAYMENT_AMOUNT" >
   </ViewAttribute>
   <ViewAttribute
      Name="BillOos"
      EntityAttrName="BillOos"
      EntityUsage="XxiconBudgetUploadTblEO"
      AliasName="BILL_OOS" >
   </ViewAttribute>
   <ViewAttribute
      Name="InvoiceSchedule"
      EntityAttrName="InvoiceSchedule"
      EntityUsage="XxiconBudgetUploadTblEO"
      AliasName="INVOICE_SCHEDULE" >
   </ViewAttribute>
   <ViewAttribute
      Name="PaymentTerms"
      EntityAttrName="PaymentTerms"
      EntityUsage="XxiconBudgetUploadTblEO"
      AliasName="PAYMENT_TERMS" >
   </ViewAttribute>
   <ViewAttribute
      Name="DiscountPercent"
      EntityAttrName="DiscountPercent"
      EntityUsage="XxiconBudgetUploadTblEO"
      AliasName="DISCOUNT_PERCENT" >
   </ViewAttribute>
   <ViewAttribute
      Name="DiscountCapAmount"
      EntityAttrName="DiscountCapAmount"
      EntityUsage="XxiconBudgetUploadTblEO"
      AliasName="DISCOUNT_CAP_AMOUNT" >
   </ViewAttribute>
   <ViewAttribute
      Name="DiscountLevel"
      EntityAttrName="DiscountLevel"
      EntityUsage="XxiconBudgetUploadTblEO"
      AliasName="DISCOUNT_LEVEL" >
   </ViewAttribute>
   <ViewAttribute
      Name="InflationCategory"
      EntityAttrName="InflationCategory"
      EntityUsage="XxiconBudgetUploadTblEO"
      AliasName="INFLATION_CATEGORY" >
   </ViewAttribute>
   <ViewAttribute
      Name="InflationApplicable"
      EntityAttrName="InflationApplicable"
      EntityUsage="XxiconBudgetUploadTblEO"
      AliasName="INFLATION_APPLICABLE" >
   </ViewAttribute>
   <ViewAttribute
      Name="CalendarYear"
      EntityAttrName="CalendarYear"
      EntityUsage="XxiconBudgetUploadTblEO"
      AliasName="CALENDAR_YEAR" >
   </ViewAttribute>
   <ViewAttribute
      Name="InflationPercent"
      EntityAttrName="InflationPercent"
      EntityUsage="XxiconBudgetUploadTblEO"
      AliasName="INFLATION_PERCENT" >
   </ViewAttribute>
   <ViewAttribute
      Name="EffectiveDateFrom"
      EntityAttrName="EffectiveDateFrom"
      EntityUsage="XxiconBudgetUploadTblEO"
      AliasName="EFFECTIVE_DATE_FROM" >
   </ViewAttribute>
   <ViewAttribute
      Name="Source"
      EntityAttrName="Source"
      EntityUsage="XxiconBudgetUploadTblEO"
      AliasName="SOURCE" >
   </ViewAttribute>
   <ViewAttribute
      Name="SourceReference"
      EntityAttrName="SourceReference"
      EntityUsage="XxiconBudgetUploadTblEO"
      AliasName="SOURCE_REFERENCE" >
   </ViewAttribute>
   <ViewAttribute
      Name="ParentTask"
      EntityAttrName="ParentTask"
      EntityUsage="XxiconBudgetUploadTblEO"
      AliasName="PARENT_TASK" >
   </ViewAttribute>
   <ViewAttribute
      Name="Task"
      EntityAttrName="Task"
      EntityUsage="XxiconBudgetUploadTblEO"
      AliasName="TASK" >
   </ViewAttribute>
   <ViewAttribute
      Name="UnitOfMeasure"
      EntityAttrName="UnitOfMeasure"
      EntityUsage="XxiconBudgetUploadTblEO"
      AliasName="UNIT_OF_MEASURE" >
   </ViewAttribute>
   <ViewAttribute
      Name="CabCode"
      EntityAttrName="CabCode"
      EntityUsage="XxiconBudgetUploadTblEO"
      AliasName="CAB_CODE" >
   </ViewAttribute>
   <ViewAttribute
      Name="ClientTaskCode"
      EntityAttrName="ClientTaskCode"
      EntityUsage="XxiconBudgetUploadTblEO"
      AliasName="CLIENT_TASK_CODE" >
   </ViewAttribute>
   <ViewAttribute
      Name="InvoicingInstruction"
      EntityAttrName="InvoicingInstruction"
      EntityUsage="XxiconBudgetUploadTblEO"
      AliasName="INVOICING_INSTRUCTION" >
   </ViewAttribute>
   <ViewAttribute
      Name="Units"
      EntityAttrName="Units"
      EntityUsage="XxiconBudgetUploadTblEO"
      AliasName="UNITS" >
   </ViewAttribute>
   <ViewAttribute
      Name="UnitCost"
      EntityAttrName="UnitCost"
      EntityUsage="XxiconBudgetUploadTblEO"
      AliasName="UNIT_COST" >
   </ViewAttribute>
   <ViewAttribute
      Name="LineDiscountPercent"
      EntityAttrName="LineDiscountPercent"
      EntityUsage="XxiconBudgetUploadTblEO"
      AliasName="LINE_DISCOUNT_PERCENT" >
   </ViewAttribute>
   <ViewAttribute
      Name="ChangeReason"
      EntityAttrName="ChangeReason"
      EntityUsage="XxiconBudgetUploadTblEO"
      AliasName="CHANGE_REASON" >
   </ViewAttribute>
   <ViewAttribute
      Name="EndDate"
      EntityAttrName="EndDate"
      EntityUsage="XxiconBudgetUploadTblEO"
      AliasName="END_DATE" >
   </ViewAttribute>
   <ViewAttribute
      Name="RetiredFlag"
      EntityAttrName="RetiredFlag"
      EntityUsage="XxiconBudgetUploadTblEO"
      AliasName="RETIRED_FLAG" >
   </ViewAttribute>
   <ViewAttribute
      Name="LinkedToParentTask"
      EntityAttrName="LinkedToParentTask"
      EntityUsage="XxiconBudgetUploadTblEO"
      AliasName="LINKED_TO_PARENT_TASK" >
   </ViewAttribute>
   <ViewAttribute
      Name="LinkedToSubTask"
      EntityAttrName="LinkedToSubTask"
      EntityUsage="XxiconBudgetUploadTblEO"
      AliasName="LINKED_TO_SUB_TASK" >
   </ViewAttribute>
   <ViewAttribute
      Name="Attribute1"
      EntityAttrName="Attribute1"
      EntityUsage="XxiconBudgetUploadTblEO"
      AliasName="ATTRIBUTE1" >
   </ViewAttribute>
   <ViewAttribute
      Name="Attribute2"
      EntityAttrName="Attribute2"
      EntityUsage="XxiconBudgetUploadTblEO"
      AliasName="ATTRIBUTE2" >
   </ViewAttribute>
   <ViewAttribute
      Name="Attribute3"
      EntityAttrName="Attribute3"
      EntityUsage="XxiconBudgetUploadTblEO"
      AliasName="ATTRIBUTE3" >
   </ViewAttribute>
   <ViewAttribute
      Name="Attribute4"
      EntityAttrName="Attribute4"
      EntityUsage="XxiconBudgetUploadTblEO"
      AliasName="ATTRIBUTE4" >
   </ViewAttribute>
   <ViewAttribute
      Name="Attribute5"
      EntityAttrName="Attribute5"
      EntityUsage="XxiconBudgetUploadTblEO"
      AliasName="ATTRIBUTE5" >
   </ViewAttribute>
   <ViewAttribute
      Name="Attribute6"
      EntityAttrName="Attribute6"
      EntityUsage="XxiconBudgetUploadTblEO"
      AliasName="ATTRIBUTE6" >
   </ViewAttribute>
   <ViewAttribute
      Name="Attribute7"
      EntityAttrName="Attribute7"
      EntityUsage="XxiconBudgetUploadTblEO"
      AliasName="ATTRIBUTE7" >
   </ViewAttribute>
   <ViewAttribute
      Name="Attribute8"
      EntityAttrName="Attribute8"
      EntityUsage="XxiconBudgetUploadTblEO"
      AliasName="ATTRIBUTE8" >
   </ViewAttribute>
   <ViewAttribute
      Name="Attribute9"
      EntityAttrName="Attribute9"
      EntityUsage="XxiconBudgetUploadTblEO"
      AliasName="ATTRIBUTE9" >
   </ViewAttribute>
   <ViewAttribute
      Name="Attribute10"
      EntityAttrName="Attribute10"
      EntityUsage="XxiconBudgetUploadTblEO"
      AliasName="ATTRIBUTE10" >
   </ViewAttribute>
   <ViewAttribute
      Name="SrcCreationDate"
      EntityAttrName="SrcCreationDate"
      EntityUsage="XxiconBudgetUploadTblEO"
      AliasName="SRC_CREATION_DATE" >
   </ViewAttribute>
   <ViewAttribute
      Name="SrcCreatedBy"
      EntityAttrName="SrcCreatedBy"
      EntityUsage="XxiconBudgetUploadTblEO"
      AliasName="SRC_CREATED_BY" >
   </ViewAttribute>
   <ViewAttribute
      Name="SrcLastUpdateDate"
      EntityAttrName="SrcLastUpdateDate"
      EntityUsage="XxiconBudgetUploadTblEO"
      AliasName="SRC_LAST_UPDATE_DATE" >
   </ViewAttribute>
   <ViewAttribute
      Name="SrcLastUpdateLogin"
      EntityAttrName="SrcLastUpdateLogin"
      EntityUsage="XxiconBudgetUploadTblEO"
      AliasName="SRC_LAST_UPDATE_LOGIN" >
   </ViewAttribute>
   <ViewAttribute
      Name="SrcLastUpdatedBy"
      EntityAttrName="SrcLastUpdatedBy"
      EntityUsage="XxiconBudgetUploadTblEO"
      AliasName="SRC_LAST_UPDATED_BY" >
   </ViewAttribute>
   <ViewAttribute
      Name="CreationDate"
      EntityAttrName="CreationDate"
      EntityUsage="XxiconBudgetUploadTblEO"
      AliasName="CREATION_DATE" >
   </ViewAttribute>
   <ViewAttribute
      Name="CreatedBy"
      EntityAttrName="CreatedBy"
      EntityUsage="XxiconBudgetUploadTblEO"
      AliasName="CREATED_BY" >
   </ViewAttribute>
   <ViewAttribute
      Name="LastUpdateDate"
      EntityAttrName="LastUpdateDate"
      EntityUsage="XxiconBudgetUploadTblEO"
      AliasName="LAST_UPDATE_DATE" >
   </ViewAttribute>
   <ViewAttribute
      Name="LastUpdateLogin"
      EntityAttrName="LastUpdateLogin"
      EntityUsage="XxiconBudgetUploadTblEO"
      AliasName="LAST_UPDATE_LOGIN" >
   </ViewAttribute>
   <ViewAttribute
      Name="LastUpdatedBy"
      EntityAttrName="LastUpdatedBy"
      EntityUsage="XxiconBudgetUploadTblEO"
      AliasName="LAST_UPDATED_BY" >
   </ViewAttribute>
</ViewObject>
