<?xml version='1.0' encoding='windows-1252' ?>
<!DOCTYPE ViewObject SYSTEM "jbo_03_01.dtd">

<ViewObject
   Name="XxiconBudgetParentTaskVO"
   BindingStyle="OracleName"
   CustomQuery="true"
   RowClass="xxicon.oracle.apps.ar.unitbill.server.XxiconBudgetParentTaskVORowImpl"
   ComponentClass="xxicon.oracle.apps.ar.unitbill.server.XxiconBudgetParentTaskVOImpl"
   UseGlueCode="false" >
   <Properties>
      <Property Name ="VO_ATTR.XxiconBudgetLinesVO.VO_DATATYPE" Value ="Number" />
      <Property Name ="VO_ATTR.XxiconBudgetLinesVO.VO_QUALIFIED_NAME" Value ="Number" />
   </Properties>
   <SQLQuery><![CDATA[
SELECT DISTINCT xbl.parent_task,
       xbl.unit_project_id,
       xbh.project_number,
       xbh.version_number
  FROM xxicon_budget_lines xbl,
       xxicon_budget_headers xbh
 WHERE xbl.unit_project_id = xbh.unit_project_id
   ]]></SQLQuery>
   <DesignTime>
      <Attr Name="_isCodegen" Value="true" />
      <Attr Name="_isExpertMode" Value="true" />
      <Attr Name="_version" Value="10.1.3.41.57" />
      <Attr Name="_codeGenFlag2" Value="Access|Coll|VarAccess" />
   </DesignTime>
   <ViewAttribute
      Name="ParentTask"
      IsUpdateable="false"
      IsPersistent="false"
      Precision="240"
      Type="java.lang.String"
      ColumnType="VARCHAR2"
      AliasName="PARENT_TASK"
      Expression="PARENT_TASK"
      SQLType="VARCHAR" >
      <DesignTime>
         <Attr Name="_DisplaySize" Value="240" />
      </DesignTime>
   </ViewAttribute>
   <ViewAttribute
      Name="UnitProjectId"
      IsUpdateable="false"
      IsPersistent="false"
      IsNotNull="true"
      Type="oracle.jbo.domain.Number"
      ColumnType="NUMBER"
      AliasName="UNIT_PROJECT_ID"
      Expression="UNIT_PROJECT_ID"
      SQLType="NUMERIC" >
      <DesignTime>
         <Attr Name="_DisplaySize" Value="22" />
      </DesignTime>
   </ViewAttribute>
   <ViewAttribute
      Name="ProjectNumber"
      IsUpdateable="false"
      IsPersistent="false"
      IsNotNull="true"
      Precision="30"
      Type="java.lang.String"
      ColumnType="VARCHAR2"
      AliasName="PROJECT_NUMBER"
      Expression="PROJECT_NUMBER"
      SQLType="VARCHAR" >
      <DesignTime>
         <Attr Name="_DisplaySize" Value="30" />
      </DesignTime>
   </ViewAttribute>
   <ViewAttribute
      Name="VersionNumber"
      IsUpdateable="false"
      IsPersistent="false"
      Type="oracle.jbo.domain.Number"
      ColumnType="NUMBER"
      AliasName="VERSION_NUMBER"
      Expression="VERSION_NUMBER"
      SQLType="NUMERIC" >
      <DesignTime>
         <Attr Name="_DisplaySize" Value="22" />
      </DesignTime>
   </ViewAttribute>
   <ViewAttribute
      Name="DetailFlag"
      IsQueriable="false"
      IsPersistent="false"
      Type="java.lang.Boolean"
      ColumnType="NUMBER"
      AliasName="VIEW_ATTR"
      Passivate="true"
      SQLType="BIT" >
   </ViewAttribute>
   <AttrArray Name="KeyAttributes">
      <Item Value="DetailFlag" />
   </AttrArray>
   <ViewLinkAccessor
      Name="XxiconBudgetLinesVO"
      ViewLink="xxicon.oracle.apps.ar.unitbill.server.XxiconBudgetTaskVL"
      Type="oracle.jbo.RowIterator"
      IsUpdateable="false" >
   </ViewLinkAccessor>
</ViewObject>
