<?xml version='1.0' encoding='windows-1252' ?>
<!DOCTYPE AppModule SYSTEM "jbo_03_01.dtd">

<AppModule
   Name="XxiconUnitBillAM"
   ComponentClass="xxicon.oracle.apps.ar.unitbill.server.XxiconUnitBillAMImpl" >
   <DesignTime>
      <Attr Name="_isCodegen" Value="true" />
      <Attr Name="_version" Value="10.1.3.41.57" />
      <Attr Name="_deployType" Value="0" />
   </DesignTime>
   <ViewUsage
      Name="XxiconBudgetUploadTblVO1"
      ViewObjectName="xxicon.oracle.apps.ar.unitbill.server.XxiconBudgetUploadTblVO" >
   </ViewUsage>
   <ViewUsage
      Name="XxiconBudgetSearchVO1"
      ViewObjectName="xxicon.oracle.apps.ar.unitbill.server.XxiconBudgetSearchVO" >
   </ViewUsage>
   <ViewUsage
      Name="XxiconBudgetHeadersVO1"
      ViewObjectName="xxicon.oracle.apps.ar.unitbill.server.XxiconBudgetHeadersVO" >
   </ViewUsage>
   <ViewUsage
      Name="XxiconBudgetParentTaskVO1"
      ViewObjectName="xxicon.oracle.apps.ar.unitbill.server.XxiconBudgetParentTaskVO" >
   </ViewUsage>
   <ViewUsage
      Name="XxiconBudgetLinesVO1"
      ViewObjectName="xxicon.oracle.apps.ar.unitbill.server.XxiconBudgetLinesVO" >
   </ViewUsage>
   <ViewLinkUsage
      Name="XxiconBudgetTaskVL1"
      ViewLinkObjectName="xxicon.oracle.apps.ar.unitbill.server.XxiconBudgetTaskVL"
      SrcViewUsageName="xxicon.oracle.apps.ar.unitbill.server.XxiconUnitBillAM.XxiconBudgetParentTaskVO1"
      DstViewUsageName="xxicon.oracle.apps.ar.unitbill.server.XxiconUnitBillAM.XxiconBudgetLinesVO1" >
      <DesignTime>
         <Attr Name="_isCodegen" Value="true" />
         <Attr Name="_version" Value="10.1.3.41.57" />
      </DesignTime>
   </ViewLinkUsage>
</AppModule>
