<?xml version='1.0' encoding='windows-1252' ?>
<!DOCTYPE ViewLink SYSTEM "jbo_03_01.dtd">

<ViewLink
   Name="XxiconBudgetTaskVL" >
   <DesignTime>
      <Attr Name="_isCodegen" Value="true" />
      <Attr Name="_version" Value="10.1.3.41.57" />
   </DesignTime>
   <ViewLinkDefEnd
      Name="XxiconBudgetParentTaskVO"
      Cardinality="1"
      Owner="xxicon.oracle.apps.ar.unitbill.server.XxiconBudgetParentTaskVO"
      Source="true" >
      <AttrArray Name="Attributes">
         <Item Value="xxicon.oracle.apps.ar.unitbill.server.XxiconBudgetParentTaskVO.UnitProjectId" />
         <Item Value="xxicon.oracle.apps.ar.unitbill.server.XxiconBudgetParentTaskVO.ParentTask" />
      </AttrArray>
      <DesignTime>
         <Attr Name="_finderName" Value="XxiconBudgetParentTaskVO" />
         <Attr Name="_isUpdateable" Value="true" />
      </DesignTime>
   </ViewLinkDefEnd>
   <ViewLinkDefEnd
      Name="XxiconBudgetLinesVO"
      Cardinality="-1"
      Owner="xxicon.oracle.apps.ar.unitbill.server.XxiconBudgetLinesVO" >
      <AttrArray Name="Attributes">
         <Item Value="xxicon.oracle.apps.ar.unitbill.server.XxiconBudgetLinesVO.UnitProjectId" />
         <Item Value="xxicon.oracle.apps.ar.unitbill.server.XxiconBudgetLinesVO.ParentTask" />
      </AttrArray>
      <DesignTime>
         <Attr Name="_finderName" Value="XxiconBudgetLinesVO" />
         <Attr Name="_isUpdateable" Value="true" />
      </DesignTime>
   </ViewLinkDefEnd>
</ViewLink>
