<?xml version='1.0' encoding='windows-1252' ?>
<!DOCTYPE ViewObject SYSTEM "jbo_03_01.dtd">

<ViewObject
   Name="XxiconBudgetSearchVO"
   BindingStyle="OracleName"
   CustomQuery="true"
   RowClass="oracle.apps.fnd.framework.server.OAViewRowImpl"
   ComponentClass="xxicon.oracle.apps.ar.unitbill.server.XxiconBudgetSearchVOImpl"
   UseGlueCode="false" >
   <SQLQuery><![CDATA[
SELECT xbh.unit_project_id,
       haou.name operating_unit,
       xbh.project_number, 
	   pap.name project_name,
	   ppf.full_name project_manager,
	   xbh.budget_status,
       xbh.change_order_num, 
       xbh.change_date, 
       xbh.version_number
  FROM xxicon_budget_headers xbh,
       hr_all_organization_units haou,
	   pa_projects_all pap,
       pa_project_players ppp,
       per_all_people_f  ppf
 WHERE xbh.org_id = haou.organization_id
   AND pap.segment1 = xbh.project_number
   AND pap.org_id   = haou.organization_id
   AND pap.project_id = ppp.project_id 
   AND ppp.project_role_type = 'PROJECT MANAGER'
   AND ppp.person_id = ppf.person_id 
   AND ppf.current_employee_flag = 'Y'
ORDER BY xbh.version_number DESC
   ]]></SQLQuery>
   <DesignTime>
      <Attr Name="_isExpertMode" Value="true" />
      <Attr Name="_version" Value="10.1.3.41.57" />
      <Attr Name="_codeGenFlag2" Value="Access|Coll|VarAccess" />
   </DesignTime>
   <ViewAttribute
      Name="UnitProjectId"
      IsUpdateable="false"
      IsPersistent="false"
      IsNotNull="true"
      Type="oracle.jbo.domain.Number"
      ColumnType="NUMBER"
      AliasName="UNIT_PROJECT_ID"
      Expression="UNIT_PROJECT_ID"
      SQLType="NUMERIC" >
      <DesignTime>
         <Attr Name="_DisplaySize" Value="22" />
      </DesignTime>
   </ViewAttribute>
   <ViewAttribute
      Name="OperatingUnit"
      IsUpdateable="false"
      IsPersistent="false"
      IsNotNull="true"
      Precision="240"
      Type="java.lang.String"
      ColumnType="VARCHAR2"
      AliasName="OPERATING_UNIT"
      Expression="OPERATING_UNIT"
      SQLType="VARCHAR" >
      <DesignTime>
         <Attr Name="_DisplaySize" Value="240" />
      </DesignTime>
   </ViewAttribute>
   <ViewAttribute
      Name="ProjectNumber"
      IsUpdateable="false"
      IsPersistent="false"
      IsNotNull="true"
      Precision="30"
      Type="java.lang.String"
      ColumnType="VARCHAR2"
      AliasName="PROJECT_NUMBER"
      Expression="PROJECT_NUMBER"
      SQLType="VARCHAR" >
      <DesignTime>
         <Attr Name="_DisplaySize" Value="30" />
      </DesignTime>
   </ViewAttribute>
   <ViewAttribute
      Name="ProjectName"
      IsUpdateable="false"
      IsPersistent="false"
      IsNotNull="true"
      Precision="30"
      Type="java.lang.String"
      ColumnType="VARCHAR2"
      AliasName="PROJECT_NAME"
      Expression="PROJECT_NAME"
      SQLType="VARCHAR" >
      <DesignTime>
         <Attr Name="_DisplaySize" Value="30" />
      </DesignTime>
   </ViewAttribute>
   <ViewAttribute
      Name="ProjectManager"
      IsUpdateable="false"
      IsPersistent="false"
      Precision="240"
      Type="java.lang.String"
      ColumnType="VARCHAR2"
      AliasName="PROJECT_MANAGER"
      Expression="PROJECT_MANAGER"
      SQLType="VARCHAR" >
      <DesignTime>
         <Attr Name="_DisplaySize" Value="240" />
      </DesignTime>
   </ViewAttribute>
   <ViewAttribute
      Name="BudgetStatus"
      IsUpdateable="false"
      IsPersistent="false"
      Precision="10"
      Type="java.lang.String"
      ColumnType="VARCHAR2"
      AliasName="BUDGET_STATUS"
      Expression="BUDGET_STATUS"
      SQLType="VARCHAR" >
      <DesignTime>
         <Attr Name="_DisplaySize" Value="10" />
      </DesignTime>
   </ViewAttribute>
   <ViewAttribute
      Name="ChangeOrderNum"
      IsUpdateable="false"
      IsPersistent="false"
      Precision="30"
      Type="java.lang.String"
      ColumnType="VARCHAR2"
      AliasName="CHANGE_ORDER_NUM"
      Expression="CHANGE_ORDER_NUM"
      SQLType="VARCHAR" >
      <DesignTime>
         <Attr Name="_DisplaySize" Value="30" />
      </DesignTime>
   </ViewAttribute>
   <ViewAttribute
      Name="ChangeDate"
      IsUpdateable="false"
      IsPersistent="false"
      Type="oracle.jbo.domain.Date"
      ColumnType="DATE"
      AliasName="CHANGE_DATE"
      Expression="CHANGE_DATE"
      SQLType="DATE" >
      <DesignTime>
         <Attr Name="_DisplaySize" Value="7" />
      </DesignTime>
   </ViewAttribute>
   <ViewAttribute
      Name="VersionNumber"
      IsUpdateable="false"
      IsPersistent="false"
      Type="oracle.jbo.domain.Number"
      ColumnType="NUMBER"
      AliasName="VERSION_NUMBER"
      Expression="VERSION_NUMBER"
      SQLType="NUMERIC" >
      <DesignTime>
         <Attr Name="_DisplaySize" Value="22" />
      </DesignTime>
   </ViewAttribute>
</ViewObject>
