<?xml version='1.0' encoding='windows-1252' ?>
<!DOCTYPE ViewObject SYSTEM "jbo_03_01.dtd">

<ViewObject
   Name="XxiconBudgetHeadersVO"
   BindingStyle="OracleName"
   CustomQuery="true"
   RowClass="xxicon.oracle.apps.ar.unitbill.server.XxiconBudgetHeadersVORowImpl"
   ComponentClass="xxicon.oracle.apps.ar.unitbill.server.XxiconBudgetHeadersVOImpl"
   UseGlueCode="false" >
   <SQLQuery><![CDATA[
SELECT xbh.unit_project_id, 
       xbh.project_number, 
       '' project_protocol,
       pap.name project_name,
       ppf.full_name project_manager,
       haou.name operating_unit,
       xbh.fx_language, 
       xbh.currency, 
       xbh.contract_total, 
       xbh.customer, 
       xbh.change_order_num, 
       xbh.change_date, 
       xbh.change_approved, 
       xbh.version_number, 
       xbh.org_id, 
       xbh.ps_total, 
       xbh.contract_difference, 
       xbh.budget_status, 
       xbh.oracle_task_number, 
       xbh.prepayment_appl_type, 
       xbh.prepayment_amount, 
       xbh.bill_oos, 
       xbh.discount_percentage, 
       xbh.discount_cap_amount, 
       xbh.discount_level, 
       xbh.base_line, 
       xbh.invoice_schedule, 
       xbh.payment_terms_id
  FROM xxicon_budget_headers xbh,
       pa_projects_all pap,
       pa_project_players ppp,
       per_all_people_f  ppf,
       hr_all_organization_units haou
 WHERE xbh.project_number = pap.segment1
   AND pap.project_id = ppp.project_id 
   AND ppp.project_role_type = 'PROJECT MANAGER'
   AND ppp.person_id = ppf.person_id 
   AND ppf.current_employee_flag = 'Y'
   AND pap.template_flag = 'N'
   AND haou.organization_id = pap.org_id
   ]]></SQLQuery>
   <DesignTime>
      <Attr Name="_isCodegen" Value="true" />
      <Attr Name="_isExpertMode" Value="true" />
      <Attr Name="_version" Value="10.1.3.41.57" />
      <Attr Name="_codeGenFlag2" Value="Access|Coll|VarAccess" />
   </DesignTime>
   <EntityUsage
      Name="XxiconBudgetHeadersEO"
      Entity="xxicon.oracle.apps.ar.unitbill.schema.server.XxiconBudgetHeadersEO" >
      <DesignTime>
         <Attr Name="_queryClause" Value="false" />
      </DesignTime>
   </EntityUsage>
   <ViewAttribute
      Name="UnitProjectId"
      IsNotNull="true"
      EntityAttrName="UnitProjectId"
      EntityUsage="XxiconBudgetHeadersEO"
      AliasName="UNIT_PROJECT_ID" >
   </ViewAttribute>
   <ViewAttribute
      Name="ProjectNumber"
      IsNotNull="true"
      EntityAttrName="ProjectNumber"
      EntityUsage="XxiconBudgetHeadersEO"
      AliasName="PROJECT_NUMBER" >
   </ViewAttribute>
   <ViewAttribute
      Name="ProjectProtocol"
      IsPersistent="false"
      Precision="30"
      Type="java.lang.String"
      ColumnType="VARCHAR2"
      AliasName="PROJECT_PROTOCOL"
      Expression="PROJECT_PROTOCOL"
      SQLType="VARCHAR" >
   </ViewAttribute>
   <ViewAttribute
      Name="ProjectName"
      IsPersistent="false"
      IsNotNull="true"
      Precision="30"
      Type="java.lang.String"
      ColumnType="VARCHAR2"
      AliasName="PROJECT_NAME"
      Expression="PROJECT_NAME"
      SQLType="VARCHAR" >
      <DesignTime>
         <Attr Name="_DisplaySize" Value="30" />
      </DesignTime>
   </ViewAttribute>
   <ViewAttribute
      Name="ProjectManager"
      IsPersistent="false"
      Precision="240"
      Type="java.lang.String"
      ColumnType="VARCHAR2"
      AliasName="PROJECT_MANAGER"
      Expression="PROJECT_MANAGER"
      SQLType="VARCHAR" >
      <DesignTime>
         <Attr Name="_DisplaySize" Value="240" />
      </DesignTime>
   </ViewAttribute>
   <ViewAttribute
      Name="OperatingUnit"
      IsPersistent="false"
      IsNotNull="true"
      Precision="240"
      Type="java.lang.String"
      ColumnType="VARCHAR2"
      AliasName="OPERATING_UNIT"
      Expression="OPERATING_UNIT"
      SQLType="VARCHAR" >
      <DesignTime>
         <Attr Name="_DisplaySize" Value="240" />
      </DesignTime>
   </ViewAttribute>
   <ViewAttribute
      Name="FxLanguage"
      EntityAttrName="FxLanguage"
      EntityUsage="XxiconBudgetHeadersEO"
      AliasName="FX_LANGUAGE" >
   </ViewAttribute>
   <ViewAttribute
      Name="Currency"
      EntityAttrName="Currency"
      EntityUsage="XxiconBudgetHeadersEO"
      AliasName="CURRENCY" >
   </ViewAttribute>
   <ViewAttribute
      Name="ContractTotal"
      EntityAttrName="ContractTotal"
      EntityUsage="XxiconBudgetHeadersEO"
      AliasName="CONTRACT_TOTAL" >
   </ViewAttribute>
   <ViewAttribute
      Name="Customer"
      EntityAttrName="Customer"
      EntityUsage="XxiconBudgetHeadersEO"
      AliasName="CUSTOMER" >
   </ViewAttribute>
   <ViewAttribute
      Name="ChangeOrderNum"
      EntityAttrName="ChangeOrderNum"
      EntityUsage="XxiconBudgetHeadersEO"
      AliasName="CHANGE_ORDER_NUM" >
   </ViewAttribute>
   <ViewAttribute
      Name="ChangeDate"
      EntityAttrName="ChangeDate"
      EntityUsage="XxiconBudgetHeadersEO"
      AliasName="CHANGE_DATE" >
   </ViewAttribute>
   <ViewAttribute
      Name="ChangeApproved"
      EntityAttrName="ChangeApproved"
      EntityUsage="XxiconBudgetHeadersEO"
      AliasName="CHANGE_APPROVED" >
   </ViewAttribute>
   <ViewAttribute
      Name="VersionNumber"
      EntityAttrName="VersionNumber"
      EntityUsage="XxiconBudgetHeadersEO"
      AliasName="VERSION_NUMBER" >
   </ViewAttribute>
   <ViewAttribute
      Name="OrgId"
      EntityAttrName="OrgId"
      EntityUsage="XxiconBudgetHeadersEO"
      AliasName="ORG_ID" >
   </ViewAttribute>
   <ViewAttribute
      Name="PsTotal"
      EntityAttrName="PsTotal"
      EntityUsage="XxiconBudgetHeadersEO"
      AliasName="PS_TOTAL" >
   </ViewAttribute>
   <ViewAttribute
      Name="ContractDifference"
      EntityAttrName="ContractDifference"
      EntityUsage="XxiconBudgetHeadersEO"
      AliasName="CONTRACT_DIFFERENCE" >
   </ViewAttribute>
   <ViewAttribute
      Name="BudgetStatus"
      EntityAttrName="BudgetStatus"
      EntityUsage="XxiconBudgetHeadersEO"
      AliasName="BUDGET_STATUS" >
   </ViewAttribute>
   <ViewAttribute
      Name="OracleTaskNumber"
      EntityAttrName="OracleTaskNumber"
      EntityUsage="XxiconBudgetHeadersEO"
      AliasName="ORACLE_TASK_NUMBER" >
   </ViewAttribute>
   <ViewAttribute
      Name="PrepaymentApplType"
      EntityAttrName="PrepaymentApplType"
      EntityUsage="XxiconBudgetHeadersEO"
      AliasName="PREPAYMENT_APPL_TYPE" >
   </ViewAttribute>
   <ViewAttribute
      Name="PrepaymentAmount"
      EntityAttrName="PrepaymentAmount"
      EntityUsage="XxiconBudgetHeadersEO"
      AliasName="PREPAYMENT_AMOUNT" >
   </ViewAttribute>
   <ViewAttribute
      Name="BillOos"
      EntityAttrName="BillOos"
      EntityUsage="XxiconBudgetHeadersEO"
      AliasName="BILL_OOS" >
   </ViewAttribute>
   <ViewAttribute
      Name="DiscountPercentage"
      EntityAttrName="DiscountPercentage"
      EntityUsage="XxiconBudgetHeadersEO"
      AliasName="DISCOUNT_PERCENTAGE" >
   </ViewAttribute>
   <ViewAttribute
      Name="DiscountCapAmount"
      EntityAttrName="DiscountCapAmount"
      EntityUsage="XxiconBudgetHeadersEO"
      AliasName="DISCOUNT_CAP_AMOUNT" >
   </ViewAttribute>
   <ViewAttribute
      Name="DiscountLevel"
      EntityAttrName="DiscountLevel"
      EntityUsage="XxiconBudgetHeadersEO"
      AliasName="DISCOUNT_LEVEL" >
   </ViewAttribute>
   <ViewAttribute
      Name="BaseLine"
      EntityAttrName="BaseLine"
      EntityUsage="XxiconBudgetHeadersEO"
      AliasName="BASE_LINE" >
   </ViewAttribute>
   <ViewAttribute
      Name="InvoiceSchedule"
      EntityAttrName="InvoiceSchedule"
      EntityUsage="XxiconBudgetHeadersEO"
      AliasName="INVOICE_SCHEDULE" >
   </ViewAttribute>
   <ViewAttribute
      Name="PaymentTermsId"
      EntityAttrName="PaymentTermsId"
      EntityUsage="XxiconBudgetHeadersEO"
      AliasName="PAYMENT_TERMS_ID" >
   </ViewAttribute>
   <ViewAttribute
      Name="ProjectNum"
      IsPersistent="false"
      IsNotNull="true"
      Precision="25"
      Type="java.lang.String"
      ColumnType="VARCHAR2"
      AliasName="PROJECT_NUM"
      SQLType="VARCHAR" >
      <DesignTime>
         <Attr Name="_DisplaySize" Value="25" />
      </DesignTime>
   </ViewAttribute>
   <ViewAttribute
      Name="Attribute1_1_1"
      IsPersistent="false"
      Precision="100"
      Type="java.lang.String"
      ColumnType="$none$"
      AliasName="ATTRIBUTE1"
      SQLType="VARCHAR" >
   </ViewAttribute>
   <ViewAttribute
      Name="Attribute2_1_1"
      IsPersistent="false"
      Precision="100"
      Type="java.lang.String"
      ColumnType="$none$"
      AliasName="ATTRIBUTE2"
      SQLType="VARCHAR" >
   </ViewAttribute>
   <ViewAttribute
      Name="Attribute3_1_1"
      IsPersistent="false"
      Precision="100"
      Type="java.lang.String"
      ColumnType="$none$"
      AliasName="ATTRIBUTE3"
      SQLType="VARCHAR" >
   </ViewAttribute>
   <ViewAttribute
      Name="Attribute4_1_1"
      IsPersistent="false"
      Precision="100"
      Type="java.lang.String"
      ColumnType="$none$"
      AliasName="ATTRIBUTE4"
      SQLType="VARCHAR" >
   </ViewAttribute>
   <ViewAttribute
      Name="Attribute5_1_1"
      IsPersistent="false"
      Precision="100"
      Type="java.lang.String"
      ColumnType="$none$"
      AliasName="ATTRIBUTE5"
      SQLType="VARCHAR" >
   </ViewAttribute>
   <ViewAttribute
      Name="CreationDate"
      IsPersistent="false"
      Type="oracle.jbo.domain.Date"
      ColumnType="$none$"
      AliasName="CREATION_DATE"
      SQLType="DATE" >
   </ViewAttribute>
   <ViewAttribute
      Name="CreatedBy"
      IsPersistent="false"
      Type="oracle.jbo.domain.Number"
      ColumnType="$none$"
      AliasName="CREATED_BY"
      SQLType="NUMERIC" >
   </ViewAttribute>
   <ViewAttribute
      Name="LastUpdateDate"
      IsPersistent="false"
      Type="oracle.jbo.domain.Date"
      ColumnType="$none$"
      AliasName="LAST_UPDATE_DATE"
      SQLType="DATE" >
   </ViewAttribute>
   <ViewAttribute
      Name="LastUpdateLogin"
      IsPersistent="false"
      Type="oracle.jbo.domain.Number"
      ColumnType="$none$"
      AliasName="LAST_UPDATE_LOGIN"
      SQLType="NUMERIC" >
   </ViewAttribute>
   <ViewAttribute
      Name="LastUpdatedBy"
      IsPersistent="false"
      Type="oracle.jbo.domain.Number"
      ColumnType="$none$"
      AliasName="LAST_UPDATED_BY"
      SQLType="NUMERIC" >
   </ViewAttribute>
</ViewObject>
