<?xml version = '1.0' encoding = 'UTF-8'?>
<oa:listOfValues version="10.1.3_1312" xml:lang="en-US" xmlns:oa="http://xmlns.oracle.com/oa" xmlns:jrad="http://xmlns.oracle.com/jrad" xmlns:ui="http://xmlns.oracle.com/uix/ui" xmlns:user="http://xmlns.oracle.com/jrad/user" xmlns="http://xmlns.oracle.com/jrad" file-version="$Header$" scope="/" amDefName="xxicon.oracle.apps.ar.unitbill.lov.server.XxiconUnitBillLovAM">
   <ui:contents>
      <oa:table name="XxiconOperatingUnitLovRN" id="XxiconOperatingUnitLovTbl">
         <ui:contents>
            <oa:messageStyledText id="LovOperatingUnit" dataType="VARCHAR2" prompt="Operating Unit" viewName="XxiconOperatingUnitLovVO1" viewAttr="OperatingUnit" maximumLength="240" queryable="true"/>
            <oa:formValue id="LovOperatingUnitFV" viewName="XxiconOperatingUnitLovVO1" viewAttr="OperatingUnit" prompt="Operating Unit Form Value"/>
         </ui:contents>
      </oa:table>
   </ui:contents>
</oa:listOfValues>
