<?xml version = '1.0' encoding = 'UTF-8'?>
<oa:listOfValues version="10.1.3_1312" xml:lang="en-US" xmlns:oa="http://xmlns.oracle.com/oa" xmlns:jrad="http://xmlns.oracle.com/jrad" xmlns:ui="http://xmlns.oracle.com/uix/ui" xmlns:user="http://xmlns.oracle.com/jrad/user" xmlns="http://xmlns.oracle.com/jrad" file-version="$Header$" scope="/" amDefName="xxicon.oracle.apps.ar.unitbill.lov.server.XxiconUnitBillLovAM">
   <ui:contents>
      <oa:table name="XxiconProjectLovRN" id="XxiconProjectLovTbl">
         <ui:contents>
            <oa:messageStyledText id="LovProjectNum" dataType="VARCHAR2" prompt="Project Number" viewName="XxiconProjectLovVO1" viewAttr="ProjectNum" maximumLength="25" queryable="true"/>
            <oa:messageStyledText id="LovProjectName" dataType="VARCHAR2" prompt="Project Name" viewName="XxiconProjectLovVO1" viewAttr="ProjectName" maximumLength="30" queryable="true"/>
            <oa:messageStyledText id="LovProjectManager" dataType="VARCHAR2" viewName="XxiconProjectLovVO1" viewAttr="ProjectManager" prompt="Project Manager" queryable="true"/>
            <oa:messageStyledText id="LovOperatingUnit" dataType="VARCHAR2" viewName="XxiconProjectLovVO1" viewAttr="OperatingUnit" prompt="Operating Unit" queryable="true"/>
            <oa:formValue id="LovOuFV" viewName="XxiconProjectLovVO1" viewAttr="OperatingUnit"/>
            <oa:formValue id="LovProjectNumFV" viewName="XxiconProjectLovVO1" viewAttr="ProjectNum"/>
            <oa:formValue id="LovProjectManagerFV" viewName="XxiconProjectLovVO1" viewAttr="ProjectManager"/>
         </ui:contents>
      </oa:table>
   </ui:contents>
</oa:listOfValues>
