<?xml version = '1.0' encoding = 'UTF-8'?>
<oa:listOfValues version="10.1.3_1312" xml:lang="en-US" xmlns:oa="http://xmlns.oracle.com/oa" xmlns:jrad="http://xmlns.oracle.com/jrad" xmlns:ui="http://xmlns.oracle.com/uix/ui" xmlns:user="http://xmlns.oracle.com/jrad/user" xmlns="http://xmlns.oracle.com/jrad" file-version="$Header$" scope="/" amDefName="xxicon.oracle.apps.ar.unitbill.lov.server.XxiconUnitBillLovAM">
   <ui:contents>
      <oa:table name="XxiconBudgetLatestRN" id="XxiconBudgetLatestLovTbl">
         <ui:contents>
            <oa:messageStyledText id="LatestVersion" dataType="NUMBER" prompt="LatestVersion" viewName="XxiconBudgetLatestLovVO1" viewAttr="LatestVersion" queryable="true"/>
            <oa:messageStyledText id="ProjectNumber" dataType="VARCHAR2" prompt="Project Number" viewName="XxiconBudgetLatestLovVO1" viewAttr="ProjectNumber" maximumLength="30" queryable="true"/>
         </ui:contents>
      </oa:table>
   </ui:contents>
</oa:listOfValues>
