<?xml version='1.0' encoding='windows-1252' ?>
<!DOCTYPE JboPackage SYSTEM "jbo_03_01.dtd">

<JboPackage
   Name="server"
   SeparateXMLFiles="true"
   PackageName="xxicon.oracle.apps.ar.unitbill.lov.server" >
   <DesignTime>
      <Attr Name="_ejbPackage" Value="false" />
      <Attr Name="_version" Value="10.1.3.41.57" />
   </DesignTime>
   <Containee
      Name="XxiconBudgetLatestLovVO"
      FullName="xxicon.oracle.apps.ar.unitbill.lov.server.XxiconBudgetLatestLovVO"
      ObjectType="ViewObject" >
   </Containee>
   <Containee
      Name="XxiconOperatingUnitLovVO"
      FullName="xxicon.oracle.apps.ar.unitbill.lov.server.XxiconOperatingUnitLovVO"
      ObjectType="ViewObject" >
   </Containee>
   <Containee
      Name="XxiconProjectLovVO"
      FullName="xxicon.oracle.apps.ar.unitbill.lov.server.XxiconProjectLovVO"
      ObjectType="ViewObject" >
   </Containee>
   <Containee
      Name="XxiconUnitBillLovAM"
      FullName="xxicon.oracle.apps.ar.unitbill.lov.server.XxiconUnitBillLovAM"
      ObjectType="AppModule" >
   </Containee>
   <Containee
      Name="XxiconUnitYesNo"
      FullName="xxicon.oracle.apps.ar.unitbill.lov.server.XxiconUnitYesNo"
      ObjectType="ViewObject" >
   </Containee>
</JboPackage>
