<?xml version='1.0' encoding='windows-1252' ?>
<!DOCTYPE ViewObject SYSTEM "jbo_03_01.dtd">

<ViewObject
   Name="XxiconUnitYesNo"
   BindingStyle="OracleName"
   CustomQuery="true"
   RowClass="oracle.apps.fnd.framework.server.OAViewRowImpl"
   ComponentClass="xxicon.oracle.apps.ar.unitbill.lov.server.XxiconUnitYesNoImpl"
   UseGlueCode="false" >
   <SQLQuery><![CDATA[
SELECT 'Y' result
FROM DUAL
UNION
SELECT 'N' result
FROM DUAL
   ]]></SQLQuery>
   <DesignTime>
      <Attr Name="_isExpertMode" Value="true" />
      <Attr Name="_version" Value="10.1.3.41.57" />
      <Attr Name="_codeGenFlag2" Value="Access|Coll|VarAccess" />
   </DesignTime>
   <ViewAttribute
      Name="Result"
      IsUpdateable="false"
      IsPersistent="false"
      Precision="1"
      Type="java.lang.String"
      ColumnType="CHAR"
      AliasName="RESULT"
      Expression="RESULT"
      SQLType="VARCHAR" >
      <DesignTime>
         <Attr Name="_DisplaySize" Value="1" />
      </DesignTime>
   </ViewAttribute>
</ViewObject>
