<?xml version='1.0' encoding='windows-1252' ?>
<!DOCTYPE AppModule SYSTEM "jbo_03_01.dtd">

<AppModule
   Name="XxiconUnitBillLovAM"
   ComponentClass="xxicon.oracle.apps.ar.unitbill.lov.server.XxiconUnitBillLovAMImpl" >
   <DesignTime>
      <Attr Name="_isCodegen" Value="true" />
      <Attr Name="_version" Value="10.1.3.41.57" />
      <Attr Name="_deployType" Value="0" />
   </DesignTime>
   <ViewUsage
      Name="XxiconProjectLovVO1"
      ViewObjectName="xxicon.oracle.apps.ar.unitbill.lov.server.XxiconProjectLovVO" >
   </ViewUsage>
   <ViewUsage
      Name="XxiconBudgetLatestLovVO1"
      ViewObjectName="xxicon.oracle.apps.ar.unitbill.lov.server.XxiconBudgetLatestLovVO" >
   </ViewUsage>
   <ViewUsage
      Name="XxiconOperatingUnitLovVO1"
      ViewObjectName="xxicon.oracle.apps.ar.unitbill.lov.server.XxiconOperatingUnitLovVO" >
   </ViewUsage>
   <ViewUsage
      Name="XxiconUnitYesNo1"
      ViewObjectName="xxicon.oracle.apps.ar.unitbill.lov.server.XxiconUnitYesNo" >
   </ViewUsage>
</AppModule>
